timestamp,bytes_transferred,packet_count,connection_duration,source_port,destination_port,retransmission_rate,protocol,bytes_per_packet,packets_per_second
2025-11-27T23:17:00,66,1,1.0,42850,443,0.0,TCP,66.0,1.0
2025-11-27T23:17:00,539,2,0.09185,46096,8080,0.0,TCP,269.5,21.774632553075666
2025-11-27T23:17:00,531,2,0.035048,8080,46096,0.0,TCP,265.5,57.0645971239443
2025-11-27T23:17:00,224,2,4.555294,62593,53,0.0,DNS,112.0,0.43904959811595035
2025-11-27T23:17:00,224,2,4.5551,59692,53,0.0,DNS,112.0,0.4390682970736098
2025-11-27T23:17:00,467,2,4.555737,53,62593,0.0,DNS,233.5,0.4390069049201041
2025-11-27T23:17:00,560,2,4.555099,53,59692,0.0,DNS,280.0,0.4390683934641157
2025-11-27T23:17:00,402,7,1.682968,44077,443,0.0,TCP,57.42857142857143,4.159318537250857
2025-11-27T23:17:00,1892,5,1.682652,443,44077,0.0,TCP,378.4,2.9714997515826207
2025-11-27T23:17:00,3169,5,1.461582,44077,443,0.0,TLS,633.8,3.420950723257402
2025-11-27T23:17:00,5275,12,4.694781,25190,35904,0.0,DATA,439.5833333333333,2.556029770078732
2025-11-27T23:17:00,2323,4,1.203957,443,44077,0.0,TLS,580.75,3.322377792562359
2025-11-27T23:17:00,1494,1,1.0,443,44077,0.0,DATA,1494.0,1.0
2025-11-27T23:17:00,70,1,1.0,31705,45577,0.0,DATA,70.0,1.0
2025-11-27T23:17:00,79,1,1.0,45577,31705,0.0,DATA,79.0,1.0
2025-11-27T23:17:00,70,1,1.0,4856,9993,0.0,DATA,70.0,1.0
2025-11-27T23:17:00,70,1,1.0,4111,9993,0.0,DATA,70.0,1.0
2025-11-27T23:17:00,70,1,1.0,4112,9993,0.0,DATA,70.0,1.0
2025-11-27T23:17:00,79,1,1.0,9993,4856,0.0,DATA,79.0,1.0
2025-11-27T23:17:00,79,1,1.0,9993,4111,0.0,DATA,79.0,1.0
2025-11-27T23:17:00,79,1,1.0,9993,4112,0.0,DATA,79.0,1.0
2025-11-27T23:17:00,132,2,1.010281,44081,443,0.0,TCP,66.0,1.9796472466571182
2025-11-27T23:17:00,300,4,9.4e-05,45577,9993,0.0,DATA,75.0,42553.19148936171
2025-11-27T23:17:00,841,4,2.171213,9993,9993,0.0,DATA,210.25,1.842288158738917
2025-11-27T23:17:00,1976,5,0.509184,14586,443,0.0,TLS,395.2,9.819632981397687
2025-11-27T23:17:00,4536,4,0.278114,14586,443,0.0,TCP,1134.0,14.38259131147659
2025-11-27T23:17:00,55,1,1.0,50244,80,0.0,TCP,55.0,1.0
2025-11-27T23:17:00,216,4,0.547957,443,14586,0.0,TCP,54.0,7.299842870882204
2025-11-27T23:17:00,245,2,0.27425,443,14586,0.0,TLS,122.5,7.292616226071103
2025-11-27T23:17:00,132,2,1.009958,44086,443,0.0,TCP,66.0,1.980280368094515
2025-11-27T23:17:00,245,3,0.017975,59075,5353,0.0,MDNS,81.66666666666667,166.89847009735743
2025-11-27T23:17:00,305,3,0.01755,39599,5353,0.0,MDNS,101.66666666666667,170.94017094017093
2025-11-27T23:17:00,305,3,0.017556,58128,5353,0.0,MDNS,101.66666666666667,170.88174982911826
2025-11-27T23:17:00,305,3,0.01661,56773,5353,0.0,MDNS,101.66666666666667,180.61408789885613
2025-11-27T23:17:00,4722,7,0.502948,44087,443,0.0,TCP,674.5714285714286,13.917939826781298
2025-11-27T23:17:00,1786,3,0.336135,443,44087,0.0,TCP,595.3333333333334,8.924985496898566
2025-11-27T23:17:00,3611,4,0.337125,44087,443,0.0,TLS,902.75,11.865035224323321
2025-11-27T23:17:00,1647,2,0.167288,443,44087,0.0,TLS,823.5,11.955430156377027
2025-11-27T23:17:00,66,1,1.0,44088,443,0.0,TCP,66.0,1.0
2025-11-27T23:17:00,1494,1,1.0,443,44087,0.0,DATA,1494.0,1.0
2025-11-27T23:17:30,216,4,0.17809,443,44087,0.0,TCP,54.0,22.460553652647537
2025-11-27T23:17:30,675,2,0.0039,443,44087,0.0,TLS,337.5,512.8205128205128
2025-11-27T23:17:30,245,3,3.000943,59075,5353,0.0,MDNS,81.66666666666667,0.999685765441063
2025-11-27T23:17:30,305,3,3.00128,58128,5353,0.0,MDNS,101.66666666666667,0.9995735153001386
2025-11-27T23:17:30,305,3,3.000981,56773,5353,0.0,MDNS,101.66666666666667,0.9996731068940456
2025-11-27T23:17:30,305,3,2.999892,39599,5353,0.0,MDNS,101.66666666666667,1.0000360012960468
2025-11-27T23:17:30,108,2,0.000424,44087,443,0.0,TCP,54.0,4716.981132075472
2025-11-27T23:17:30,78,1,1.0,44087,443,0.0,TLS,78.0,1.0
2025-11-27T23:17:30,2774,14,28.135115,53915,8080,0.0,TCP,198.14285714285714,0.49759881912691667
2025-11-27T23:17:30,642,3,0.000451,2522,1900,0.0,SSDP,214.0,6651.884700665189
2025-11-27T23:17:30,9930,13,28.072303,8080,53915,0.0,TCP,763.8461538461538,0.4630899003904311
2025-11-27T23:17:30,66,1,1.0,44089,443,0.0,TCP,66.0,1.0
2025-11-27T23:17:30,66,1,1.0,44091,443,0.0,TCP,66.0,1.0
2025-11-27T23:17:30,258,1,1.0,443,53859,0.0,TLS,258.0,1.0
2025-11-27T23:17:30,54,1,1.0,53859,443,0.0,TCP,54.0,1.0
2025-11-27T23:17:30,2485,10,24.590785,25190,35904,0.0,DATA,248.5,0.406656395881628
2025-11-27T23:17:30,515,5,27.139015,62593,53,0.0,DNS,103.0,0.18423660549213006
2025-11-27T23:17:30,1035,5,27.163457,53,62593,0.0,DNS,207.0,0.18407082721466564
2025-11-27T23:17:30,198,3,3.013938,44096,443,0.0,TCP,66.0,0.995375485494393
2025-11-27T23:17:30,1519,14,24.376579,9993,9993,0.0,DATA,108.5,0.574321770089232
2025-11-27T23:17:30,1951,25,26.381749,45577,9993,0.0,DATA,78.04,0.9476248144124183
2025-11-27T23:17:30,3071,14,24.375216,9993,9993,0.0,DATA,219.35714285714286,0.5743538846999345
2025-11-27T23:17:30,108,2,20.224485,7826,37116,0.0,TCP,54.0,0.09889003354102711
2025-11-27T23:17:30,216,4,25.94729,37116,7826,0.0,TCP,54.0,0.1541586809258308
2025-11-27T23:17:30,172,2,25.041484,443,17325,0.0,TLS,86.0,0.0798674711131337
2025-11-27T23:17:30,180,2,25.041569,17325,443,0.0,TLS,90.0,0.07986720001450388
2025-11-27T23:17:30,54,1,1.0,443,17325,0.0,TCP,54.0,1.0
2025-11-27T23:17:30,1448,6,0.922693,5353,5353,0.0,MDNS,241.33333333333334,6.502704583214569
2025-11-27T23:17:30,108,2,20.988285,7826,1068,0.0,TCP,54.0,0.09529125414487176
2025-11-27T23:17:30,162,3,20.98832,1068,7826,0.0,TCP,54.0,0.14293664285659832
2025-11-27T23:17:30,301,2,14.990595,21009,45577,0.0,DATA,150.5,0.13341698578341954
2025-11-27T23:17:30,403,3,17.340217,45577,21009,0.0,DATA,134.33333333333334,0.17300821552579188
2025-11-27T23:17:30,420,4,20.99016,35904,25190,0.0,DATA,105.0,0.19056548401727286
2025-11-27T23:17:30,96,1,1.0,62976,53,0.0,DNS,96.0,1.0
2025-11-27T23:17:30,96,1,1.0,65441,53,0.0,DNS,96.0,1.0
2025-11-27T23:17:30,96,1,1.0,65028,53,0.0,DNS,96.0,1.0
2025-11-27T23:17:30,1349,7,6.169409,56678,443,0.0,TLS,192.71428571428572,1.134630561857708
2025-11-27T23:17:30,196,1,1.0,53,62976,0.0,DNS,196.0,1.0
2025-11-27T23:17:30,235,1,1.0,53,65441,0.0,DNS,235.0,1.0
2025-11-27T23:17:30,187,1,1.0,53,65028,0.0,DNS,187.0,1.0
2025-11-27T23:17:30,518,7,6.167497,443,56678,0.0,TCP,74.0,1.1349823113006783
2025-11-27T23:17:30,4250,9,6.227549,443,56678,0.0,TLS,472.22222222222223,1.445191358590675
2025-11-27T23:17:30,222,3,6.190859,56678,443,0.0,TCP,74.0,0.48458541859861454
2025-11-27T23:17:30,75,1,1.0,47655,443,0.0,TLS,75.0,1.0
2025-11-27T23:17:30,86,1,1.0,443,47655,0.0,TCP,86.0,1.0
2025-11-27T23:17:30,132,2,1.012634,44103,443,0.0,TCP,66.0,1.975047253005528
2025-11-27T23:17:30,249,2,15.227043,45577,4856,0.0,DATA,124.5,0.13134526513125366
2025-11-27T23:17:30,249,2,15.227187,25190,4112,0.0,DATA,124.5,0.13134402302933562
2025-11-27T23:17:30,113,1,1.0,53859,443,0.0,TLS,113.0,1.0
2025-11-27T23:17:30,180,2,15.229413,4856,45577,0.0,DATA,90.0,0.13132482519188363
2025-11-27T23:17:30,180,2,15.230152,4112,25190,0.0,DATA,90.0,0.13131845302660144
2025-11-27T23:17:30,54,1,1.0,443,53859,0.0,TCP,54.0,1.0
2025-11-27T23:17:30,94,1,1.0,53833,53,0.0,DNS,94.0,1.0
2025-11-27T23:17:30,94,1,1.0,57777,53,0.0,DNS,94.0,1.0
2025-11-27T23:17:30,94,1,1.0,56314,53,0.0,DNS,94.0,1.0
2025-11-27T23:17:30,122,1,1.0,53,57777,0.0,DNS,122.0,1.0
2025-11-27T23:17:30,110,1,1.0,53,56314,0.0,DNS,110.0,1.0
2025-11-27T23:17:30,119,1,1.0,53,53833,0.0,DNS,119.0,1.0
2025-11-27T23:17:30,430,5,15.029739,29918,443,0.0,TCP,86.0,0.3326737743083895
2025-11-27T23:17:30,382,2,20.94232,37116,7826,0.0,TLS,191.0,0.09550040301170072
2025-11-27T23:17:30,370,2,20.960385,7826,37116,0.0,TLS,185.0,0.09541809465808954
2025-11-27T23:17:30,330,5,15.03297,45969,443,0.0,TCP,66.0,0.33260227353610095
2025-11-27T23:17:30,100,1,1.0,43611,443,0.0,TLS,100.0,1.0
2025-11-27T23:17:30,100,1,1.0,443,43611,0.0,TLS,100.0,1.0
2025-11-27T23:17:30,54,1,1.0,43611,443,0.0,TCP,54.0,1.0
2025-11-27T23:17:30,719,1,1.0,38031,15683,0.0,DATA,719.0,1.0
2025-11-27T23:17:30,1214,3,8.4e-05,37903,443,0.0,TLS,404.6666666666667,35714.28571428572
2025-11-27T23:17:30,502,4,0.002001,443,37903,0.0,TLS,125.5,1999.0004997501248
2025-11-27T23:17:30,148,2,0.001984,37903,443,0.0,TCP,74.0,1008.0645161290322
2025-11-27T23:17:30,110,1,1.0,65388,53,0.0,DNS,110.0,1.0
2025-11-27T23:17:30,110,1,1.0,61227,53,0.0,DNS,110.0,1.0
2025-11-27T23:17:30,110,1,1.0,60538,53,0.0,DNS,110.0,1.0
2025-11-27T23:17:30,1870,2,0.191318,42533,443,0.0,TLS,935.0,10.453799433404072
2025-11-27T23:17:30,348,1,1.0,53,65388,0.0,DNS,348.0,1.0
2025-11-27T23:17:30,294,1,1.0,53,61227,0.0,DNS,294.0,1.0
2025-11-27T23:17:30,348,1,1.0,53,60538,0.0,DNS,348.0,1.0
2025-11-27T23:17:30,132,2,1.011418,45971,443,0.0,TCP,66.0,1.9774217979114472
2025-11-27T23:17:30,1324,2,0.832364,443,42533,0.0,TLS,662.0,2.4027949310638133
2025-11-27T23:17:30,108,2,0.824972,42533,443,0.0,TCP,54.0,2.424324704353602
2025-11-27T23:17:30,60,1,1.0,443,42533,0.0,TCP,60.0,1.0
2025-11-27T23:17:30,350,3,15.70031,31705,45577,0.0,DATA,116.66666666666667,0.19107902964973303
2025-11-27T23:17:30,359,3,15.700481,45577,31705,0.0,DATA,119.66666666666667,0.19107694853425192
2025-11-27T23:17:30,708,5,15.700782,4856,9993,0.0,DATA,141.6,0.3184554756571997
2025-11-27T23:17:30,708,5,15.701837,4111,9993,0.0,DATA,141.6,0.3184340787641599
2025-11-27T23:17:30,708,5,15.701837,4112,9993,0.0,DATA,141.6,0.3184340787641599
2025-11-27T23:17:30,561,5,15.700895,9993,4856,0.0,DATA,112.2,0.3184531837197816
2025-11-27T23:17:30,561,5,15.701764,9993,4111,0.0,DATA,112.2,0.3184355592148755
2025-11-27T23:17:30,561,5,15.701771,9993,4112,0.0,DATA,112.2,0.31843541725325125
2025-11-27T23:17:30,66,1,1.0,45974,443,0.0,TCP,66.0,1.0
2025-11-27T23:17:30,191,1,1.0,1068,7826,0.0,TLS,191.0,1.0
2025-11-27T23:17:30,185,1,1.0,7826,1068,0.0,TLS,185.0,1.0
2025-11-27T23:17:30,66,1,1.0,45975,443,0.0,TCP,66.0,1.0
2025-11-27T23:17:30,66,1,1.0,45976,443,0.0,TCP,66.0,1.0
2025-11-27T23:17:30,75,1,1.0,35692,443,0.0,TLS,75.0,1.0
2025-11-27T23:17:30,86,1,1.0,443,35692,0.0,TCP,86.0,1.0
2025-11-27T23:17:30,527,5,17.204847,59692,53,0.0,DNS,105.4,0.29061577821645257
2025-11-27T23:17:30,1341,6,17.230553,53,59692,0.0,DNS,223.5,0.3482186555475033
2025-11-27T23:17:30,456,8,1.128824,45977,443,0.0,TCP,57.0,7.087021537458452
2025-11-27T23:17:30,3705,8,1.129113,443,45977,0.0,TCP,463.125,7.0852075921541955
2025-11-27T23:17:30,2736,4,0.863936,45977,443,0.0,TLS,684.0,4.6299725905622635
2025-11-27T23:17:30,55,1,1.0,42589,443,0.0,TLS,55.0,1.0
2025-11-27T23:17:30,66,1,1.0,443,42589,0.0,TCP,66.0,1.0
2025-11-27T23:17:30,3524,6,0.597627,443,45977,0.0,TLS,587.3333333333334,10.039707041348533
2025-11-27T23:17:30,112,1,1.0,52027,53,0.0,DNS,112.0,1.0
2025-11-27T23:17:30,112,1,1.0,61979,53,0.0,DNS,112.0,1.0
2025-11-27T23:17:30,112,1,1.0,59923,53,0.0,DNS,112.0,1.0
2025-11-27T23:17:30,3931,8,8.892763,14586,443,0.0,TLS,491.375,0.8996079171344159
2025-11-27T23:17:30,276,1,1.0,53,52027,0.0,DNS,276.0,1.0
2025-11-27T23:17:30,235,1,1.0,53,61979,0.0,DNS,235.0,1.0
2025-11-27T23:17:30,276,1,1.0,53,59923,0.0,DNS,276.0,1.0
2025-11-27T23:17:30,324,6,9.016135,443,14586,0.0,TCP,54.0,0.6654736203484087
2025-11-27T23:17:30,395,3,8.65171,443,14586,0.0,TLS,131.66666666666666,0.3467522605357785
2025-11-27T23:17:30,6030,5,8.362831,14586,443,0.0,TCP,1206.0,0.5978836592536666
2025-11-27T23:17:30,75,1,1.0,4128,443,0.0,TLS,75.0,1.0
2025-11-27T23:17:30,198,3,3.016803,45993,443,0.0,TCP,66.0,0.994430196469574
2025-11-27T23:17:30,382,5,0.044597,45999,80,0.0,TCP,76.4,112.11516469717695
2025-11-27T23:17:30,729,5,0.044772,80,45999,0.0,TCP,145.8,111.67694094523362
2025-11-27T23:17:30,845,1,1.0,45999,80,0.0,DATA,845.0,1.0
2025-11-27T23:17:30,308,4,0.07592,46000,80,0.0,TCP,77.0,52.68703898840885
2025-11-27T23:17:30,308,4,0.075107,80,46000,0.0,TCP,77.0,53.25735284327693
2025-11-27T23:17:30,1038,1,1.0,46000,80,0.0,DATA,1038.0,1.0
2025-11-27T23:17:30,1000,1,1.0,80,46000,0.0,DATA,1000.0,1.0
2025-11-27T23:17:30,132,2,1.01185,46002,443,0.0,TCP,66.0,1.9765775559618521
2025-11-27T23:17:30,132,2,1.004191,46005,443,0.0,TCP,66.0,1.991652982350967
2025-11-27T23:17:30,7752,10,0.970712,46006,443,0.0,TCP,775.2,10.301716678067233
2025-11-27T23:17:30,3270,7,0.970672,443,46006,0.0,TCP,467.14285714285717,7.211498837918473
2025-11-27T23:17:30,3995,5,0.731799,46006,443,0.0,TLS,799.0,6.8324772239371745
2025-11-27T23:17:30,2546,5,0.488195,443,46006,0.0,TLS,509.2,10.241809113161748
2025-11-27T23:17:30,66,1,1.0,46008,443,0.0,TCP,66.0,1.0
2025-11-27T23:17:30,280,2,3.910841,45577,9993,0.0,DATA,140.0,0.5113989548539559
2025-11-27T23:17:30,280,2,3.91089,25190,9993,0.0,DATA,140.0,0.5113925474764056
2025-11-27T23:17:30,280,2,3.910745,9993,31705,0.0,DATA,140.0,0.5114115085488826
2025-11-27T23:17:30,280,2,3.910802,25190,31705,0.0,DATA,140.0,0.5114040547181883
2025-11-27T23:17:30,280,2,3.910599,9993,35904,0.0,DATA,140.0,0.5114306018080607
2025-11-27T23:17:30,280,2,3.910636,45577,35904,0.0,DATA,140.0,0.5114257629705246
2025-11-27T23:17:30,179,1,1.0,45577,4111,0.0,DATA,179.0,1.0
2025-11-27T23:17:30,179,1,1.0,25190,4111,0.0,DATA,179.0,1.0
2025-11-27T23:17:30,179,1,1.0,25190,4856,0.0,DATA,179.0,1.0
2025-11-27T23:17:30,179,1,1.0,45577,4112,0.0,DATA,179.0,1.0
2025-11-27T23:17:30,171,1,1.0,9993,9993,0.0,DATA,171.0,1.0
2025-11-27T23:17:30,171,1,1.0,9993,9993,0.0,DATA,171.0,1.0
2025-11-27T23:17:30,151,1,1.0,9993,9993,0.0,DATA,151.0,1.0
2025-11-27T23:17:30,280,2,3.908945,9993,45577,0.0,DATA,140.0,0.5116470044986563
2025-11-27T23:17:30,280,2,3.908945,9993,25190,0.0,DATA,140.0,0.5116470044986563
2025-11-27T23:17:30,280,2,3.908945,35904,9993,0.0,DATA,140.0,0.5116470044986563
2025-11-27T23:17:30,280,2,3.908945,35904,45577,0.0,DATA,140.0,0.5116470044986563
2025-11-27T23:17:30,280,2,3.908945,31705,9993,0.0,DATA,140.0,0.5116470044986563
2025-11-27T23:17:30,280,2,3.908945,31705,25190,0.0,DATA,140.0,0.5116470044986563
2025-11-27T23:17:30,101,1,1.0,4111,45577,0.0,DATA,101.0,1.0
2025-11-27T23:17:30,101,1,1.0,4111,25190,0.0,DATA,101.0,1.0
2025-11-27T23:17:30,101,1,1.0,4856,25190,0.0,DATA,101.0,1.0
2025-11-27T23:17:30,101,1,1.0,4112,45577,0.0,DATA,101.0,1.0
2025-11-27T23:17:30,99,1,1.0,65005,53,0.0,DNS,99.0,1.0
2025-11-27T23:17:30,99,1,1.0,58010,53,0.0,DNS,99.0,1.0
2025-11-27T23:17:30,99,1,1.0,56933,53,0.0,DNS,99.0,1.0
2025-11-27T23:17:30,115,1,1.0,53,56933,0.0,DNS,115.0,1.0
2025-11-27T23:17:30,173,1,1.0,53,65005,0.0,DNS,173.0,1.0
2025-11-27T23:17:30,173,1,1.0,53,58010,0.0,DNS,173.0,1.0
2025-11-27T23:17:30,198,3,3.015191,41255,443,0.0,TCP,66.0,0.9949618448715188
2025-11-27T23:17:30,66,1,1.0,41256,443,0.0,TCP,66.0,1.0
2025-11-27T23:17:30,55,1,1.0,12856,443,0.0,TLS,55.0,1.0
2025-11-27T23:17:30,198,3,3.010849,49759,443,0.0,TCP,66.0,0.9963966974099332
2025-11-27T23:17:30,66,1,1.0,49760,443,0.0,TCP,66.0,1.0
2025-11-27T23:17:30,66,1,1.0,443,12856,0.0,TCP,66.0,1.0
2025-11-27T23:17:30,198,3,3.014147,49761,4090,0.0,TCP,66.0,0.9953064664729359
2025-11-27T23:17:30,258,3,3.020811,49764,443,0.0,TCP,86.0,0.9931107904466714
2025-11-27T23:17:30,198,3,3.025107,49766,443,0.0,TCP,66.0,0.9917004588598023
2025-11-27T23:17:30,198,3,3.009419,49769,443,0.0,TCP,66.0,0.996870159987692
2025-11-27T23:17:30,75,1,1.0,59235,443,0.0,TLS,75.0,1.0
2025-11-27T23:17:30,86,1,1.0,443,59235,0.0,TCP,86.0,1.0
2025-11-27T23:17:30,155,1,1.0,49409,443,0.0,TLS,155.0,1.0
2025-11-27T23:17:30,225,1,1.0,443,49409,0.0,TLS,225.0,1.0
2025-11-27T23:17:30,54,1,1.0,49409,443,0.0,TCP,54.0,1.0
2025-11-27T23:17:30,71,1,1.0,62593,53,0.0,DNS,71.0,1.0
2025-11-27T23:17:30,199,1,1.0,53,62593,0.0,DNS,199.0,1.0
2025-11-27T23:17:30,86,1,1.0,49775,443,0.0,TCP,86.0,1.0
2025-11-27T23:18:00,108,2,25.016172,443,17325,0.0,TCP,54.0,0.0799482830546576
2025-11-27T23:18:00,132,2,1.007874,49776,443,0.0,TCP,66.0,1.9843750310058599
2025-11-27T23:18:00,132,2,8.013943,41255,443,0.0,TCP,66.0,0.24956503933207413
2025-11-27T23:18:00,132,2,1.008046,49777,443,0.0,TCP,66.0,1.984036442781381
2025-11-27T23:18:00,132,2,8.014131,49759,443,0.0,TCP,66.0,0.24955918489478146
2025-11-27T23:18:00,618,6,14.161867,59692,53,0.0,DNS,103.0,0.42367295216089795
2025-11-27T23:18:00,620,6,14.161307,49688,53,0.0,DNS,103.33333333333333,0.4236897060419635
2025-11-27T23:18:00,1630,6,14.162943,53,59692,0.0,DNS,271.6666666666667,0.4236407644936508
2025-11-27T23:18:00,1547,6,14.162165,53,49688,0.0,DNS,257.8333333333333,0.4236640372428933
2025-11-27T23:18:00,2888,46,0.806003,49778,443,0.0,TCP,62.78260869565217,57.07174787190618
2025-11-27T23:18:00,48378,40,0.787268,443,49778,0.0,TCP,1209.45,50.8086191741567
2025-11-27T23:18:00,3935,6,0.052086,49778,443,0.0,TLS,655.8333333333334,115.19410206197442
2025-11-27T23:18:00,89516,86,0.759128,443,49778,0.0,TLS,1040.8837209302326,113.28787767016892
2025-11-27T23:18:00,3422,7,25.801893,8080,53915,0.0,TCP,488.85714285714283,0.27129792376086515
2025-11-27T23:18:00,745,8,25.796819,53915,8080,0.0,TCP,93.125,0.31011575496963406
2025-11-27T23:18:00,86,1,1.0,49775,443,0.0,TCP,86.0,1.0
2025-11-27T23:18:00,11714,42,27.4906,25190,35904,0.0,DATA,278.9047619047619,1.5277949553665617
2025-11-27T23:18:00,3898,25,25.02783,9993,9993,0.0,DATA,155.92,0.9988880378362806
2025-11-27T23:18:00,336,6,0.570243,49782,443,0.0,TCP,56.0,10.52183016713927
2025-11-27T23:18:00,90,1,1.0,64672,53,0.0,DNS,90.0,1.0
2025-11-27T23:18:00,90,1,1.0,51533,53,0.0,DNS,90.0,1.0
2025-11-27T23:18:00,90,1,1.0,62397,53,0.0,DNS,90.0,1.0
2025-11-27T23:18:00,335,1,1.0,53,64672,0.0,DNS,335.0,1.0
2025-11-27T23:18:00,335,1,1.0,53,51533,0.0,DNS,335.0,1.0
2025-11-27T23:18:00,289,1,1.0,53,62397,0.0,DNS,289.0,1.0
2025-11-27T23:18:00,4759,17,0.875647,49684,443,0.0,QUIC,279.94117647058823,19.414216002567244
2025-11-27T23:18:00,336,6,0.596981,443,49782,0.0,TCP,56.0,10.050571123704104
2025-11-27T23:18:00,1550,5,0.374576,49782,443,0.0,TLS,310.0,13.34842595361155
2025-11-27T23:18:00,390,7,11.66621,46386,443,0.0,TCP,55.714285714285715,0.6000234866336197
2025-11-27T23:18:00,1649,6,0.198418,443,49782,0.0,TLS,274.8333333333333,30.239192008789523
2025-11-27T23:18:00,17206,26,0.864846,443,49684,0.0,QUIC,661.7692307692307,30.06315575258485
2025-11-27T23:18:00,132,2,8.010521,49761,4090,0.0,TCP,66.0,0.24967165057054339
2025-11-27T23:18:00,1947,8,11.666367,443,46386,0.0,TCP,243.375,0.6857318992279259
2025-11-27T23:18:00,1962,3,0.394056,46386,443,0.0,TLS,654.0,7.613131128570558
2025-11-27T23:18:00,382,2,21.012969,1068,7826,0.0,TLS,191.0,0.09517931521242906
2025-11-27T23:18:00,370,2,21.013557,7826,1068,0.0,TLS,185.0,0.09517665191095444
2025-11-27T23:18:00,162,3,21.0137,1068,7826,0.0,TCP,54.0,0.14276400633872188
2025-11-27T23:18:00,172,2,1.010293,46388,443,0.0,TCP,86.0,1.9796237329170843
2025-11-27T23:18:00,132,2,1.008955,46389,443,0.0,TCP,66.0,1.9822489605582012
2025-11-27T23:18:00,3006,4,0.382291,443,46386,0.0,TLS,751.5,10.46323350536633
2025-11-27T23:18:00,92,1,1.0,53261,53,0.0,DNS,92.0,1.0
2025-11-27T23:18:00,92,1,1.0,49708,53,0.0,DNS,92.0,1.0
2025-11-27T23:18:00,92,1,1.0,56220,53,0.0,DNS,92.0,1.0
2025-11-27T23:18:00,297,1,1.0,53,53261,0.0,DNS,297.0,1.0
2025-11-27T23:18:00,297,1,1.0,53,49708,0.0,DNS,297.0,1.0
2025-11-27T23:18:00,246,1,1.0,53,56220,0.0,DNS,246.0,1.0
2025-11-27T23:18:00,498,9,10.917579,63441,443,0.0,TCP,55.333333333333336,0.8243585871922704
2025-11-27T23:18:00,6528,14,10.916761,443,63441,0.0,TCP,466.2857142857143,1.2824316663156774
2025-11-27T23:18:00,3658,7,0.145828,63441,443,0.0,TLS,522.5714285714286,48.001755492772304
2025-11-27T23:18:00,93,1,1.0,64932,53,0.0,DNS,93.0,1.0
2025-11-27T23:18:00,93,1,1.0,62539,53,0.0,DNS,93.0,1.0
2025-11-27T23:18:00,93,1,1.0,50833,53,0.0,DNS,93.0,1.0
2025-11-27T23:18:00,125,1,1.0,53,50833,0.0,DNS,125.0,1.0
2025-11-27T23:18:00,254,1,1.0,53,64932,0.0,DNS,254.0,1.0
2025-11-27T23:18:00,254,1,1.0,53,62539,0.0,DNS,254.0,1.0
2025-11-27T23:18:00,6658,23,0.186982,55338,443,0.0,QUIC,289.4782608695652,123.00649260356612
2025-11-27T23:18:00,31367,32,0.1327,443,55338,0.0,QUIC,980.21875,241.14544084400902
2025-11-27T23:18:00,3351,8,0.194343,443,63441,0.0,TLS,418.875,41.164333163530465
2025-11-27T23:18:00,132,2,1.007133,63442,443,0.0,TCP,66.0,1.9858350386691728
2025-11-27T23:18:00,98,1,1.0,59752,53,0.0,DNS,98.0,1.0
2025-11-27T23:18:00,98,1,1.0,56661,53,0.0,DNS,98.0,1.0
2025-11-27T23:18:00,98,1,1.0,49235,53,0.0,DNS,98.0,1.0
2025-11-27T23:18:00,200,1,1.0,53,59752,0.0,DNS,200.0,1.0
2025-11-27T23:18:00,92,1,1.0,53871,53,0.0,DNS,92.0,1.0
2025-11-27T23:18:00,92,1,1.0,57599,53,0.0,DNS,92.0,1.0
2025-11-27T23:18:00,92,1,1.0,63135,53,0.0,DNS,92.0,1.0
2025-11-27T23:18:00,175,1,1.0,53,49235,0.0,DNS,175.0,1.0
2025-11-27T23:18:00,200,1,1.0,53,56661,0.0,DNS,200.0,1.0
2025-11-27T23:18:00,7478,45,0.219288,62871,443,0.0,QUIC,166.17777777777778,205.20958739192295
2025-11-27T23:18:00,468,8,9.941882,44420,443,0.0,TCP,58.5,0.8046766195776615
2025-11-27T23:18:00,251,1,1.0,53,53871,0.0,DNS,251.0,1.0
2025-11-27T23:18:00,251,1,1.0,53,57599,0.0,DNS,251.0,1.0
2025-11-27T23:18:00,226,1,1.0,53,63135,0.0,DNS,226.0,1.0
2025-11-27T23:18:00,4134,11,0.102482,51649,443,0.0,QUIC,375.8181818181818,107.33592240588591
2025-11-27T23:18:00,390,7,9.906358,37273,443,0.0,TCP,55.714285714285715,0.7066169019936489
2025-11-27T23:18:00,1776,6,9.918253,443,44420,0.0,TCP,296.0,0.6049452459016724
2025-11-27T23:18:00,82383,70,0.176445,443,62871,0.0,QUIC,1176.9,396.72419167445946
2025-11-27T23:18:00,2066,3,0.025404,44420,443,0.0,TLS,688.6666666666666,118.09163911195088
2025-11-27T23:18:00,3046,7,9.887976,443,37273,0.0,TCP,435.14285714285717,0.7079305208669601
2025-11-27T23:18:00,2060,3,0.021968,37273,443,0.0,TLS,686.6666666666666,136.56227239621268
2025-11-27T23:18:00,9319,11,0.041362,443,51649,0.0,QUIC,847.1818181818181,265.9445868188192
2025-11-27T23:18:00,3087,4,0.024792,443,37273,0.0,TLS,771.75,161.34236850596966
2025-11-27T23:18:00,2738,4,0.022837,443,44420,0.0,TLS,684.5,175.1543547751456
2025-11-27T23:18:00,172,2,1.012096,37274,443,0.0,TCP,86.0,1.9760971291260907
2025-11-27T23:18:00,132,2,1.014073,37275,443,0.0,TCP,66.0,1.9722446017199946
2025-11-27T23:18:00,900,12,10.98928,45577,9993,0.0,DATA,75.0,1.0919732684943873
2025-11-27T23:18:00,200,2,25.054011,43611,443,0.0,TLS,100.0,0.07982753739511012
2025-11-27T23:18:00,200,2,25.211597,443,43611,0.0,TLS,100.0,0.07932857248194154
2025-11-27T23:18:00,66,1,1.0,37276,443,0.0,TCP,66.0,1.0
2025-11-27T23:18:00,108,2,25.20981,43611,443,0.0,TCP,54.0,0.07933419569604054
2025-11-27T23:18:00,55,1,1.0,42521,443,0.0,TLS,55.0,1.0
2025-11-27T23:18:00,66,1,1.0,37278,443,0.0,TCP,66.0,1.0
2025-11-27T23:18:00,113,1,1.0,53859,443,0.0,TLS,113.0,1.0
2025-11-27T23:18:00,198,3,23.070454,443,42521,0.0,TCP,66.0,0.13003645268532643
2025-11-27T23:18:00,66,1,1.0,37279,443,0.0,TCP,66.0,1.0
2025-11-27T23:18:00,167,2,8.940436,53859,443,0.0,TCP,83.5,0.22370273664505846
2025-11-27T23:18:00,1028,3,19.777619,21009,45577,0.0,DATA,342.6666666666667,0.15168661101217493
2025-11-27T23:18:00,708,3,19.529451,45577,21009,0.0,DATA,236.0,0.1536141492149472
2025-11-27T23:18:00,66,1,1.0,443,53859,0.0,TCP,66.0,1.0
2025-11-27T23:18:00,198,3,3.012083,37284,443,0.0,TCP,66.0,0.9959884903570054
2025-11-27T23:18:00,138,2,14.732237,11402,443,0.0,TLS,69.0,0.13575670823107178
2025-11-27T23:18:00,120,2,14.725408,443,11402,0.0,TCP,60.0,0.1358196662530505
2025-11-27T23:18:00,75,1,1.0,39931,443,0.0,TLS,75.0,1.0
2025-11-27T23:18:00,335,4,14.987812,443,39931,0.0,TCP,83.75,0.26688351842150143
2025-11-27T23:18:00,75,1,1.0,44071,443,0.0,TLS,75.0,1.0
2025-11-27T23:18:00,433,5,14.995316,443,44071,0.0,TCP,86.6,0.3334374547358655
2025-11-27T23:18:00,444,3,0.0454,56678,443,0.0,TLS,148.0,66.07929515418502
2025-11-27T23:18:00,222,3,0.044878,443,56678,0.0,TCP,74.0,66.84789874771603
2025-11-27T23:18:00,1087,3,0.034514,443,56678,0.0,TLS,362.3333333333333,86.92124934809063
2025-11-27T23:18:00,74,1,1.0,56678,443,0.0,TCP,74.0,1.0
2025-11-27T23:18:00,140,2,15.827054,45577,4856,0.0,DATA,70.0,0.12636590486138483
2025-11-27T23:18:00,140,2,15.827074,25190,4112,0.0,DATA,70.0,0.12636574517816748
2025-11-27T23:18:00,158,2,15.826605,4856,45577,0.0,DATA,79.0,0.12636948985584714
2025-11-27T23:18:00,158,2,15.826487,4112,25190,0.0,DATA,79.0,0.12637043204850198
2025-11-27T23:18:00,1221,3,8.2e-05,37903,443,0.0,TLS,407.0,36585.365853658535
2025-11-27T23:18:00,99,1,1.0,59309,53,0.0,DNS,99.0,1.0
2025-11-27T23:18:00,99,1,1.0,54751,53,0.0,DNS,99.0,1.0
2025-11-27T23:18:00,99,1,1.0,58362,53,0.0,DNS,99.0,1.0
2025-11-27T23:18:00,292,1,1.0,53,59309,0.0,DNS,292.0,1.0
2025-11-27T23:18:00,268,1,1.0,53,54751,0.0,DNS,268.0,1.0
2025-11-27T23:18:00,296,1,1.0,53,58362,0.0,DNS,296.0,1.0
2025-11-27T23:18:00,2084,28,0.327047,37288,443,0.0,TCP,74.42857142857143,85.61460585175831
2025-11-27T23:18:00,501,4,0.002205,443,37903,0.0,TLS,125.25,1814.0589569160998
2025-11-27T23:18:00,148,2,0.002184,37903,443,0.0,TCP,74.0,915.7509157509156
2025-11-27T23:18:00,64386,47,0.231198,443,37288,0.0,TCP,1369.9148936170213,203.28895578681477
2025-11-27T23:18:00,3260,7,0.143932,37288,443,0.0,TLS,465.7142857142857,48.634077203123695
2025-11-27T23:18:00,11174,12,0.18589,443,37288,0.0,TLS,931.1666666666666,64.55430631018343
2025-11-27T23:18:00,348,6,0.840807,37292,443,0.0,TCP,58.0,7.136001484288309
2025-11-27T23:18:00,3511,5,0.841695,443,37292,0.0,TCP,702.2,5.940394085743648
2025-11-27T23:18:00,2010,4,0.633657,37292,443,0.0,TLS,502.5,6.312563421535626
2025-11-27T23:18:00,2029,5,0.424448,443,37292,0.0,TLS,405.8,11.780006031363088
2025-11-27T23:18:00,132,2,1.013047,37293,443,0.0,TCP,66.0,1.9742420637936837
2025-11-27T23:18:00,92,1,1.0,62063,53,0.0,DNS,92.0,1.0
2025-11-27T23:18:00,92,1,1.0,50615,53,0.0,DNS,92.0,1.0
2025-11-27T23:18:00,92,1,1.0,53769,53,0.0,DNS,92.0,1.0
2025-11-27T23:18:00,276,2,2.2e-05,35692,443,0.0,TLS,138.0,90909.09090909091
2025-11-27T23:18:00,220,1,1.0,53,53769,0.0,DNS,220.0,1.0
2025-11-27T23:18:00,182,1,1.0,53,62063,0.0,DNS,182.0,1.0
2025-11-27T23:18:00,186,1,1.0,53,50615,0.0,DNS,186.0,1.0
2025-11-27T23:18:00,148,2,1.0,443,35692,0.0,TCP,74.0,2.0
2025-11-27T23:18:00,509,2,1.0,443,35692,0.0,TLS,254.5,2.0
2025-11-27T23:18:00,74,1,1.0,35692,443,0.0,TCP,74.0,1.0
2025-11-27T23:18:00,171,2,0.22241,443,42589,0.0,TLS,85.5,8.992401420799425
2025-11-27T23:18:00,108,2,0.222223,42589,443,0.0,TCP,54.0,8.99996850011025
2025-11-27T23:18:00,1950,18,15.688518,35904,25190,0.0,DATA,108.33333333333333,1.1473359051505057
2025-11-27T23:18:00,140,2,14.677784,31705,45577,0.0,DATA,70.0,0.13626035101756503
2025-11-27T23:18:00,158,2,14.677646,45577,31705,0.0,DATA,79.0,0.13626163214455506
2025-11-27T23:18:00,140,2,14.67787,4111,9993,0.0,DATA,70.0,0.13625955264626272
2025-11-27T23:18:00,140,2,14.67787,4856,9993,0.0,DATA,70.0,0.13625955264626272
2025-11-27T23:18:00,140,2,14.67787,4112,9993,0.0,DATA,70.0,0.13625955264626272
2025-11-27T23:18:00,158,2,14.677833,9993,4111,0.0,DATA,79.0,0.13625989613044379
2025-11-27T23:18:00,158,2,14.677776,9993,4856,0.0,DATA,79.0,0.13626042528513857
2025-11-27T23:18:00,158,2,14.677801,9993,4112,0.0,DATA,79.0,0.13626019319924013
2025-11-27T23:18:00,54,1,1.0,443,42589,0.0,TCP,54.0,1.0
2025-11-27T23:18:00,282,5,5.139332,37307,443,0.0,TCP,56.4,0.9728890836396638
2025-11-27T23:18:00,492,8,5.112008,443,37307,0.0,TCP,61.5,1.5649427778673273
2025-11-27T23:18:00,1998,2,0.027448,37307,443,0.0,TLS,999.0,72.8650539201399
2025-11-27T23:18:00,474,2,0.053747,443,37307,0.0,TLS,237.0,37.21137923977152
2025-11-27T23:18:00,55,1,1.0,50244,80,0.0,DATA,55.0,1.0
2025-11-27T23:18:00,132,2,1.014492,37308,443,0.0,TCP,66.0,1.9714300359194554
2025-11-27T23:18:00,150,1,1.0,443,53859,0.0,TLS,150.0,1.0
2025-11-27T23:18:00,220,4,3.094456,37307,443,0.0,DATA,55.0,1.2926343111681018
2025-11-27T23:18:00,282,5,0.777981,37309,443,0.0,TCP,56.4,6.426892173459248
2025-11-27T23:18:00,54,1,1.0,7826,37116,0.0,TCP,54.0,1.0
2025-11-27T23:18:00,108,2,5.709018,37116,7826,0.0,TCP,54.0,0.3503229452070391
2025-11-27T23:18:00,3162,5,0.777471,443,37309,0.0,TCP,632.4,6.431108041328873
2025-11-27T23:18:00,3920,5,0.591821,37309,443,0.0,TLS,784.0,8.448500475650576
2025-11-27T23:18:00,942,9,3.426669,9993,9993,0.0,DATA,104.66666666666667,2.626457355525147
2025-11-27T23:18:00,2548,5,0.405624,443,37309,0.0,TLS,509.6,12.326686783819499
2025-11-27T23:18:00,66,1,1.0,37310,443,0.0,TCP,66.0,1.0
2025-11-27T23:18:00,66,1,1.0,37313,443,0.0,TCP,66.0,1.0
2025-11-27T23:18:00,66,1,1.0,37315,443,0.0,TCP,66.0,1.0
2025-11-27T23:18:00,54,1,1.0,7826,1068,0.0,TCP,54.0,1.0
2025-11-27T23:18:00,480,6,0.419061,5353,5353,0.0,MDNS,80.0,14.317724627202244
2025-11-27T23:18:00,600,6,0.41926,5353,5353,0.0,MDNS,100.0,14.310928779277774
2025-11-27T23:18:00,228,2,0.003985,5353,5353,0.0,MDNS,114.0,501.88205771643663
2025-11-27T23:18:00,408,4,0.411484,5353,5353,0.0,MDNS,102.0,9.72091259927482
2025-11-27T23:18:00,450,4,9.568265,62945,53,0.0,DNS,112.5,0.41804862219012534
2025-11-27T23:18:00,819,4,9.574067,53,62945,0.0,DNS,204.75,0.41779527968626085
2025-11-27T23:18:00,198,3,3.021764,37318,443,0.0,TCP,66.0,0.9927975844572905
2025-11-27T23:18:00,276,3,1.526788,137,137,0.0,NBNS,92.0,1.9649093390830947
2025-11-27T23:18:00,94,1,1.0,65010,5355,0.0,LLMNR,94.0,1.0
2025-11-27T23:18:00,74,1,1.0,65010,5355,0.0,LLMNR,74.0,1.0
2025-11-27T23:18:00,94,1,1.0,64017,5355,0.0,LLMNR,94.0,1.0
2025-11-27T23:18:00,74,1,1.0,64017,5355,0.0,LLMNR,74.0,1.0
2025-11-27T23:18:00,414,7,0.761037,37323,443,0.0,TCP,59.142857142857146,9.197975919699042
2025-11-27T23:18:00,348,6,0.740263,37324,443,0.0,TCP,58.0,8.10522746645449
2025-11-27T23:18:00,3511,5,0.740618,443,37324,0.0,TCP,702.2,6.751118660362022
2025-11-27T23:18:00,2029,4,0.556909,37324,443,0.0,TLS,507.25,7.182501988655238
2025-11-27T23:18:00,2215,6,0.761607,443,37323,0.0,TCP,369.1666666666667,7.878078851691226
2025-11-27T23:18:00,2029,4,0.572254,37323,443,0.0,TLS,507.25,6.989903084993726
2025-11-27T23:18:00,2029,5,0.372202,443,37324,0.0,TLS,405.8,13.43356564446188
2025-11-27T23:18:00,1885,4,0.383018,443,37323,0.0,TLS,471.25,10.443373418481638
2025-11-27T23:18:00,1494,1,1.0,443,37323,0.0,DATA,1494.0,1.0
2025-11-27T23:18:00,1145,9,5.538704,9993,9993,0.0,DATA,127.22222222222223,1.6249288642252773
2025-11-27T23:18:00,191,1,1.0,37116,7826,0.0,TLS,191.0,1.0
2025-11-27T23:18:00,185,1,1.0,7826,37116,0.0,TLS,185.0,1.0
2025-11-27T23:18:00,336,3,8.637451,61952,53,0.0,DNS,112.0,0.34732469104600416
2025-11-27T23:18:00,675,3,8.635433,53,61952,0.0,DNS,225.0,0.34740585677637703
2025-11-27T23:18:00,1776,6,0.89793,37327,443,0.0,TCP,296.0,6.68203534796699
2025-11-27T23:18:00,3162,5,0.895598,443,37327,0.0,TCP,632.4,5.582861953689044
2025-11-27T23:18:00,3516,5,0.674339,37327,443,0.0,TLS,703.2,7.414668289984711
2025-11-27T23:18:00,2546,5,0.451642,443,37327,0.0,TLS,509.2,11.070715301057032
2025-11-27T23:18:00,79,1,1.0,443,11402,0.0,TLS,79.0,1.0
2025-11-27T23:18:00,373,4,0.012618,443,47655,0.0,TCP,93.25,317.00744967506733
2025-11-27T23:18:00,222,3,0.000286,47655,443,0.0,TCP,74.0,10489.510489510489
2025-11-27T23:18:00,98,1,1.0,443,39931,0.0,TLS,98.0,1.0
2025-11-27T23:18:00,222,3,0.000197,39931,443,0.0,TCP,74.0,15228.426395939086
2025-11-27T23:18:00,222,3,0.000262,44071,443,0.0,TCP,74.0,11450.381679389311
2025-11-27T23:18:00,132,2,1.000649,37332,443,0.0,TCP,66.0,1.9987028418556358
2025-11-27T23:18:00,1110,4,1.562214,46096,8080,0.0,TCP,277.5,2.5604686681850244
2025-11-27T23:18:00,698,3,1.470637,8080,46096,0.0,TCP,232.66666666666666,2.03993235584308
2025-11-27T23:18:00,86,1,1.0,443,17325,0.0,TLS,86.0,1.0
2025-11-27T23:18:00,90,1,1.0,17325,443,0.0,TLS,90.0,1.0
2025-11-27T23:18:00,848,4,3.025221,61955,1900,0.0,SSDP,212.0,1.322217451220919
2025-11-27T23:18:00,128,1,1.0,9993,9993,0.0,DATA,128.0,1.0
2025-11-27T23:18:00,132,2,1.011876,37336,443,0.0,TCP,66.0,1.9765267681020204
2025-11-27T23:18:00,55,1,1.0,42533,443,0.0,DATA,55.0,1.0
2025-11-27T23:18:00,66,1,1.0,443,42533,0.0,TCP,66.0,1.0
2025-11-27T23:18:00,66,1,1.0,37339,443,0.0,TCP,66.0,1.0
2025-11-27T23:18:00,92,1,1.0,59907,53,0.0,DNS,92.0,1.0
2025-11-27T23:18:00,92,1,1.0,49958,53,0.0,DNS,92.0,1.0
2025-11-27T23:18:00,92,1,1.0,57634,53,0.0,DNS,92.0,1.0
2025-11-27T23:18:00,276,2,2.9e-05,59235,443,0.0,TLS,138.0,68965.5172413793
2025-11-27T23:18:00,230,1,1.0,53,59907,0.0,DNS,230.0,1.0
2025-11-27T23:18:00,195,1,1.0,53,49958,0.0,DNS,195.0,1.0
2025-11-27T23:18:00,183,1,1.0,53,57634,0.0,DNS,183.0,1.0
2025-11-27T23:18:00,655,8,0.026814,443,59235,0.0,TCP,81.875,298.3516073692847
2025-11-27T23:18:00,222,3,0.000867,59235,443,0.0,TCP,74.0,3460.207612456747
2025-11-27T23:18:00,308,4,0.069514,39410,443,0.0,TCP,77.0,57.54236556664844
2025-11-27T23:18:00,530,7,0.066228,443,39410,0.0,TCP,75.71428571428571,105.69547623361721
2025-11-27T23:18:00,3267,6,0.044443,39410,443,0.0,TLS,544.5,135.00438764259837
2025-11-27T23:18:00,1997,5,0.024992,443,39410,0.0,TLS,399.4,200.0640204865557
2025-11-27T23:18:00,66,1,1.0,39411,443,0.0,TCP,66.0,1.0
2025-11-27T23:18:00,93,1,1.0,443,42521,0.0,TLS,93.0,1.0
2025-11-27T23:18:00,162,3,0.297184,42521,443,0.0,TCP,54.0,10.094756110692366
2025-11-27T23:18:00,3426,9,2.19908,39412,443,0.0,TCP,380.6666666666667,4.092620550411991
2025-11-27T23:18:00,66,1,1.0,39413,443,0.0,TCP,66.0,1.0
2025-11-27T23:18:00,4324,4,1.90085,443,39412,0.0,TCP,1081.0,2.104321750795697
2025-11-27T23:18:00,2130,3,1.901667,39412,443,0.0,TLS,710.0,1.5775632642308037
2025-11-27T23:18:00,70,1,1.0,9993,4110,0.0,DATA,70.0,1.0
2025-11-27T23:18:00,70,1,1.0,45577,4110,0.0,DATA,70.0,1.0
2025-11-27T23:18:00,70,1,1.0,25190,4110,0.0,DATA,70.0,1.0
2025-11-27T23:18:00,70,1,1.0,4110,9993,0.0,DATA,70.0,1.0
2025-11-27T23:18:00,1690,2,0.001393,443,39412,0.0,TLS,845.0,1435.7501794687726
2025-11-27T23:18:00,223,3,0.798114,4128,443,0.0,TCP,74.33333333333333,3.7588615160240266
2025-11-27T23:18:00,54,1,1.0,443,43611,0.0,TCP,54.0,1.0
2025-11-27T23:18:00,108,2,0.308482,50244,80,0.0,TCP,54.0,6.483360455391239
2025-11-27T23:18:00,234,3,0.229551,39417,443,0.0,TCP,78.0,13.068991204568919
2025-11-27T23:18:00,66,1,1.0,39418,443,0.0,TCP,66.0,1.0
2025-11-27T23:18:00,2875,10,0.417893,63503,443,0.0,QUIC,287.5,23.92957048813931
2025-11-27T23:18:00,86,1,1.0,39419,443,0.0,TCP,86.0,1.0
2025-11-27T23:18:00,66,1,1.0,39420,443,0.0,TCP,66.0,1.0
2025-11-27T23:18:00,5493,11,0.350503,443,63503,0.0,QUIC,499.3636363636364,31.38346890040884
2025-11-27T23:18:00,382,5,0.133306,443,39417,0.0,TCP,76.4,37.50768907626063
2025-11-27T23:18:00,66,1,1.0,443,39418,0.0,TCP,66.0,1.0
2025-11-27T23:18:00,99,1,1.0,52211,53,0.0,DNS,99.0,1.0
2025-11-27T23:18:00,99,1,1.0,61604,53,0.0,DNS,99.0,1.0
2025-11-27T23:18:00,99,1,1.0,55565,53,0.0,DNS,99.0,1.0
2025-11-27T23:18:00,163,1,1.0,53,55565,0.0,DNS,163.0,1.0
2025-11-27T23:18:00,199,1,1.0,53,52211,0.0,DNS,199.0,1.0
2025-11-27T23:18:00,238,1,1.0,53,61604,0.0,DNS,238.0,1.0
2025-11-27T23:18:00,308,4,0.068064,11092,443,0.0,TCP,77.0,58.76821814762577
2025-11-27T23:18:00,600,8,0.029843,443,11092,0.0,TCP,75.0,268.06956405187145
2025-11-27T23:18:00,4293,7,0.02033,11092,443,0.0,TLS,613.2857142857143,344.3187407771766
2025-11-27T23:18:00,86,1,1.0,443,39419,0.0,TCP,86.0,1.0
2025-11-27T23:18:00,66,1,1.0,443,39420,0.0,TCP,66.0,1.0
2025-11-27T23:18:00,1906,6,0.047944,443,11092,0.0,TLS,317.6666666666667,125.14600367094944
2025-11-27T23:18:00,4159,5,0.046411,39417,443,0.0,TLS,831.8,107.73308051970437
2025-11-27T23:18:00,699,2,0.046349,443,39417,0.0,TLS,349.5,43.15087704157587
2025-11-27T23:18:00,66,1,1.0,11095,443,0.0,TCP,66.0,1.0
2025-11-27T23:18:30,913,6,0.600204,443,39412,0.0,TCP,152.16666666666666,9.996601155607094
2025-11-27T23:18:30,344,3,0.305663,443,39412,0.0,TLS,114.66666666666667,9.814730602002859
2025-11-27T23:18:30,228,4,0.306348,39412,443,0.0,TCP,57.0,13.057046235000717
2025-11-27T23:18:30,270,5,18.011055,50244,80,0.0,TCP,54.0,0.277607280639585
2025-11-27T23:18:30,132,2,2.047899,443,39418,0.0,TCP,66.0,0.976610662928201
2025-11-27T23:18:30,172,2,2.047977,443,39419,0.0,TCP,86.0,0.9765734673778075
2025-11-27T23:18:30,2779,14,28.770461,9993,9993,0.0,DATA,198.5,0.4866102076014701
2025-11-27T23:18:30,132,2,2.046755,443,39420,0.0,TCP,66.0,0.9771565233748054
2025-11-27T23:18:30,786,7,28.768302,9993,9993,0.0,DATA,112.28571428571429,0.2433233633323232
2025-11-27T23:18:30,1058,5,26.307449,53,61952,0.0,DNS,211.6,0.19006023731149305
2025-11-27T23:18:30,848,4,3.072107,51943,1900,0.0,SSDP,212.0,1.3020379824010035
2025-11-27T23:18:30,78,1,1.0,39412,443,0.0,TLS,78.0,1.0
2025-11-27T23:18:30,132,2,2.014713,11095,443,0.0,TCP,66.0,0.9926972228798842
2025-11-27T23:18:30,3221,27,26.13415,9993,9993,0.0,DATA,119.29629629629629,1.0331309799629986
2025-11-27T23:18:30,1212,6,0.799657,5353,5353,0.0,MDNS,202.0,7.50321700429059
2025-11-27T23:18:30,1173,5,25.525168,45577,21009,0.0,DATA,234.6,0.1958850966230663
2025-11-27T23:18:30,4821,26,28.033706,25190,35904,0.0,DATA,185.42307692307693,0.9274549715260623
2025-11-27T23:18:30,1332,6,0.799252,5353,5353,0.0,MDNS,222.0,7.5070190628237405
2025-11-27T23:18:30,1588,14,28.030931,35904,25190,0.0,DATA,113.42857142857143,0.4994482701983748
2025-11-27T23:18:30,256,2,0.001818,9993,9993,0.0,DATA,128.0,1100.1100110011002
2025-11-27T23:18:30,171,2,25.257823,4856,25190,0.0,DATA,85.5,0.07918338805367352
2025-11-27T23:18:30,171,2,25.257154,4111,25190,0.0,DATA,85.5,0.07918548542721797
2025-11-27T23:18:30,258,2,25.249716,25190,4856,0.0,DATA,129.0,0.07920881169514936
2025-11-27T23:18:30,258,2,25.249611,25190,4111,0.0,DATA,129.0,0.07920914108340124
2025-11-27T23:18:30,250,3,25.255614,4856,45577,0.0,DATA,83.33333333333333,0.11878547082640714
2025-11-27T23:18:30,250,3,25.257864,4112,25190,0.0,DATA,83.33333333333333,0.1187748892780482
2025-11-27T23:18:30,171,2,25.25614,4111,45577,0.0,DATA,85.5,0.07918866461779196
2025-11-27T23:18:30,171,2,25.256809,4112,45577,0.0,DATA,85.5,0.0791865670758329
2025-11-27T23:18:30,328,3,25.248702,45577,4856,0.0,DATA,109.33333333333333,0.11881798913860997
2025-11-27T23:18:30,258,2,25.2486,45577,4111,0.0,DATA,129.0,0.0792123127618957
2025-11-27T23:18:30,258,2,25.248745,45577,4112,0.0,DATA,129.0,0.07921185785669743
2025-11-27T23:18:30,328,3,25.24875,25190,4112,0.0,DATA,109.33333333333333,0.11881776325560671
2025-11-27T23:18:30,557,4,19.228008,21009,45577,0.0,DATA,139.25,0.20802986976081975
2025-11-27T23:18:30,226,2,27.104147,53859,443,0.0,TLS,113.0,0.07378944631609324
2025-11-27T23:18:30,108,2,27.102553,443,53859,0.0,TCP,54.0,0.07379378614258221
2025-11-27T23:18:30,3984,8,22.482867,8080,53915,0.0,TCP,498.0,0.35582650557867024
2025-11-27T23:18:30,819,9,22.478975,53915,8080,0.0,TCP,91.0,0.40037412737902867
2025-11-27T23:18:30,132,2,1.014165,11101,443,0.0,TCP,66.0,1.9720656895081174
2025-11-27T23:18:30,108,2,20.99645,7826,37116,0.0,TCP,54.0,0.09525419773342637
2025-11-27T23:18:30,162,3,20.99642,37116,7826,0.0,TCP,54.0,0.14288150075108041
2025-11-27T23:18:30,132,2,1.014942,11105,443,0.0,TCP,66.0,1.970555952951006
2025-11-27T23:18:30,55,1,1.0,14586,443,0.0,DATA,55.0,1.0
2025-11-27T23:18:30,228,4,6.761026,443,14586,0.0,TCP,57.0,0.5916261821800419
2025-11-27T23:18:30,66,1,1.0,11107,443,0.0,TCP,66.0,1.0
2025-11-27T23:18:30,108,2,20.99656,7826,1068,0.0,TCP,54.0,0.09525369870112058
2025-11-27T23:18:30,162,3,20.996608,1068,7826,0.0,TCP,54.0,0.14288022141481138
2025-11-27T23:18:30,55,1,1.0,12856,443,0.0,TCP,55.0,1.0
2025-11-27T23:18:30,66,1,1.0,11110,443,0.0,TCP,66.0,1.0
2025-11-27T23:18:30,66,1,1.0,443,12856,0.0,TCP,66.0,1.0
2025-11-27T23:18:30,66,1,1.0,11111,443,0.0,TCP,66.0,1.0
2025-11-27T23:18:30,96,1,1.0,50824,53,0.0,DNS,96.0,1.0
2025-11-27T23:18:30,96,1,1.0,64816,53,0.0,DNS,96.0,1.0
2025-11-27T23:18:30,96,1,1.0,51531,53,0.0,DNS,96.0,1.0
2025-11-27T23:18:30,444,3,0.047959,56678,443,0.0,TLS,148.0,62.5534310556934
2025-11-27T23:18:30,196,1,1.0,53,50824,0.0,DNS,196.0,1.0
2025-11-27T23:18:30,222,3,0.092946,443,56678,0.0,TCP,74.0,32.27680588728939
2025-11-27T23:18:30,1090,3,0.036875,443,56678,0.0,TLS,363.3333333333333,81.35593220338984
2025-11-27T23:18:30,235,1,1.0,53,64816,0.0,DNS,235.0,1.0
2025-11-27T23:18:30,187,1,1.0,53,51531,0.0,DNS,187.0,1.0
2025-11-27T23:18:30,74,1,1.0,56678,443,0.0,TCP,74.0,1.0
2025-11-27T23:18:30,719,1,1.0,54038,15683,0.0,DATA,719.0,1.0
2025-11-27T23:18:30,2599,4,0.000101,37903,443,0.0,TLS,649.75,39603.960396039605
2025-11-27T23:18:30,148,2,0.001012,443,37903,0.0,TCP,74.0,1976.284584980237
2025-11-27T23:18:30,406,3,0.002387,443,37903,0.0,TLS,135.33333333333334,1256.8077084206118
2025-11-27T23:18:30,74,1,1.0,37903,443,0.0,TCP,74.0,1.0
2025-11-27T23:18:30,529,5,11.379669,62945,53,0.0,DNS,105.8,0.4393800909323461
2025-11-27T23:18:30,815,5,11.378517,53,62945,0.0,DNS,163.0,0.43942457527637385
2025-11-27T23:18:30,198,3,3.020363,11115,443,0.0,TCP,66.0,0.9932580951362469
2025-11-27T23:18:30,350,3,18.177674,45577,31705,0.0,DATA,116.66666666666667,0.1650376170240483
2025-11-27T23:18:30,552,5,18.18223,9993,4111,0.0,DATA,110.4,0.274993771391078
2025-11-27T23:18:30,359,3,18.175887,31705,45577,0.0,DATA,119.66666666666667,0.1650538430394071
2025-11-27T23:18:30,717,5,18.176307,4111,9993,0.0,DATA,143.4,0.27508338189930437
2025-11-27T23:18:30,191,1,1.0,37116,7826,0.0,TLS,191.0,1.0
2025-11-27T23:18:30,185,1,1.0,7826,37116,0.0,TLS,185.0,1.0
2025-11-27T23:18:30,416,4,14.765672,61952,53,0.0,DNS,104.0,0.27089860861056647
2025-11-27T23:18:30,4818,9,1.481383,11118,443,0.0,TCP,535.3333333333334,6.075403862471759
2025-11-27T23:18:30,3282,7,1.480912,443,11118,0.0,TCP,468.85714285714283,4.72681698845036
2025-11-27T23:18:30,3595,5,1.26173,11118,443,0.0,TLS,719.0,3.962812963153765
2025-11-27T23:18:30,2547,5,1.03562,443,11118,0.0,TLS,509.4,4.828025723721056
2025-11-27T23:18:30,112,1,1.0,50382,53,0.0,DNS,112.0,1.0
2025-11-27T23:18:30,112,1,1.0,62092,53,0.0,DNS,112.0,1.0
2025-11-27T23:18:30,112,1,1.0,61615,53,0.0,DNS,112.0,1.0
2025-11-27T23:18:30,2402,5,0.507221,14586,443,0.0,TLS,480.4,9.857636020590629
2025-11-27T23:18:30,128,1,1.0,53,62092,0.0,DNS,128.0,1.0
2025-11-27T23:18:30,280,1,1.0,53,50382,0.0,DNS,280.0,1.0
2025-11-27T23:18:30,276,1,1.0,53,61615,0.0,DNS,276.0,1.0
2025-11-27T23:18:30,708,5,15.412902,4856,9993,0.0,DATA,141.6,0.32440354191572746
2025-11-27T23:18:30,708,5,15.414235,4112,9993,0.0,DATA,141.6,0.32437548798237476
2025-11-27T23:18:30,561,5,15.413056,9993,4856,0.0,DATA,112.2,0.3244003006282466
2025-11-27T23:18:30,561,5,15.41418,9993,4112,0.0,DATA,112.2,0.3243766454005338
2025-11-27T23:18:30,247,2,0.274296,443,14586,0.0,TLS,123.5,7.291393239420189
2025-11-27T23:18:30,54,1,1.0,14586,443,0.0,TCP,54.0,1.0
2025-11-27T23:18:30,191,1,1.0,1068,7826,0.0,TLS,191.0,1.0
2025-11-27T23:18:30,185,1,1.0,7826,1068,0.0,TLS,185.0,1.0
2025-11-27T23:18:30,336,6,0.076566,11133,443,0.0,TCP,56.0,78.36376459525115
2025-11-27T23:18:30,2769,11,0.076587,443,11133,0.0,TCP,251.72727272727272,143.6275085850079
2025-11-27T23:18:30,1521,5,0.064718,11133,443,0.0,TLS,304.2,77.25825890787725
2025-11-27T23:18:30,3082,3,0.013172,443,11133,0.0,TLS,1027.3333333333333,227.75584573337383
2025-11-27T23:18:30,132,2,1.009603,11134,443,0.0,TCP,66.0,1.9809766809330003
2025-11-27T23:18:30,264,4,7.023874,11135,4090,0.0,TCP,66.0,0.5694862977325618
2025-11-27T23:18:30,132,2,1.002826,11139,443,0.0,TCP,66.0,1.9943639275407699
2025-11-27T23:18:30,6312,10,0.984604,11142,443,0.0,TCP,631.2,10.156367432998444
2025-11-27T23:18:30,3336,8,0.984142,443,11142,0.0,TCP,417.0,8.128908226658348
2025-11-27T23:18:30,3396,5,0.763985,11142,443,0.0,TLS,679.2,6.544631111867379
2025-11-27T23:18:30,70,1,1.0,35904,25190,0.0,_WS.MALFORMED,70.0,1.0
2025-11-27T23:18:30,2546,5,0.53496,443,11142,0.0,TLS,509.2,9.346493195752954
2025-11-27T23:18:30,66,1,1.0,11143,443,0.0,TCP,66.0,1.0
2025-11-27T23:18:30,86,1,1.0,443,17325,0.0,TLS,86.0,1.0
2025-11-27T23:18:30,90,1,1.0,17325,443,0.0,TLS,90.0,1.0
2025-11-27T23:18:30,54,1,1.0,443,17325,0.0,TCP,54.0,1.0
2025-11-27T23:18:30,66,1,1.0,11145,443,0.0,TCP,66.0,1.0
2025-11-27T23:18:30,66,1,1.0,11146,443,0.0,TCP,66.0,1.0
2025-11-27T23:18:30,198,3,3.019399,11151,443,0.0,TCP,66.0,0.9935752114907636
2025-11-27T23:18:30,100,1,1.0,43611,443,0.0,TLS,100.0,1.0
2025-11-27T23:18:30,54,1,1.0,443,43611,0.0,TCP,54.0,1.0
2025-11-27T23:18:30,100,1,1.0,443,43611,0.0,TLS,100.0,1.0
2025-11-27T23:18:30,54,1,1.0,43611,443,0.0,TCP,54.0,1.0
2025-11-27T23:18:30,75,1,1.0,37288,443,0.0,DATA,75.0,1.0
2025-11-27T23:18:30,86,1,1.0,443,37288,0.0,TCP,86.0,1.0
2025-11-27T23:18:30,280,2,2.509343,45577,9993,0.0,DATA,140.0,0.7970213717295723
2025-11-27T23:18:30,280,2,2.509412,25190,9993,0.0,DATA,140.0,0.7969994564463706
2025-11-27T23:18:30,280,2,2.509196,9993,31705,0.0,DATA,140.0,0.7970680648303281
2025-11-27T23:18:30,280,2,2.509294,25190,31705,0.0,DATA,140.0,0.7970369354886274
2025-11-27T23:18:30,280,2,2.508935,9993,35904,0.0,DATA,140.0,0.7971509823889419
2025-11-27T23:18:30,280,2,2.508982,45577,35904,0.0,DATA,140.0,0.7971360496009935
2025-11-27T23:18:30,171,1,1.0,9993,9993,0.0,DATA,171.0,1.0
2025-11-27T23:18:30,151,1,1.0,45577,9993,0.0,DATA,151.0,1.0
2025-11-27T23:18:30,151,1,1.0,9993,9993,0.0,DATA,151.0,1.0
2025-11-27T23:18:30,280,2,2.506476,9993,45577,0.0,DATA,140.0,0.7979330342680321
2025-11-27T23:18:30,280,2,2.506476,9993,25190,0.0,DATA,140.0,0.7979330342680321
2025-11-27T23:18:30,280,2,2.506476,31705,9993,0.0,DATA,140.0,0.7979330342680321
2025-11-27T23:18:30,280,2,2.506476,31705,25190,0.0,DATA,140.0,0.7979330342680321
2025-11-27T23:18:30,280,2,2.506476,35904,9993,0.0,DATA,140.0,0.7979330342680321
2025-11-27T23:18:30,280,2,2.506476,35904,45577,0.0,DATA,140.0,0.7979330342680321
2025-11-27T23:18:30,258,3,3.023793,11160,443,0.0,TCP,86.0,0.9921314058204381
2025-11-27T23:18:30,198,3,3.00944,11161,443,0.0,TCP,66.0,0.9968632037854218
2025-11-27T23:18:30,132,2,1.012886,11162,443,0.0,TCP,66.0,1.974555873020261
2025-11-27T23:18:30,75,1,1.0,35692,443,0.0,DATA,75.0,1.0
2025-11-27T23:18:30,86,1,1.0,443,35692,0.0,TCP,86.0,1.0
2025-11-27T23:18:30,172,2,1.010818,11165,443,0.0,TCP,86.0,1.9785955533043535
2025-11-27T23:18:30,132,2,1.01507,11166,443,0.0,TCP,66.0,1.9703074664801443
2025-11-27T23:18:30,66,1,1.0,11170,443,0.0,TCP,66.0,1.0
2025-11-27T23:19:00,292,3,6.201059,62945,53,0.0,DNS,97.33333333333333,0.4837883335733461
2025-11-27T23:19:00,186,2,6.200837,61952,53,0.0,DNS,93.0,0.32253710265243224
2025-11-27T23:19:00,602,3,6.208919,53,62945,0.0,DNS,200.66666666666666,0.48317589583629617
2025-11-27T23:19:00,421,2,6.201568,53,61952,0.0,DNS,210.5,0.32249908410260114
2025-11-27T23:19:00,86,1,1.0,11165,443,0.0,TCP,86.0,1.0
2025-11-27T23:19:00,66,1,1.0,11170,443,0.0,TCP,66.0,1.0
2025-11-27T23:19:00,66,1,1.0,11135,4090,0.0,TCP,66.0,1.0
2025-11-27T23:19:00,66,1,1.0,11166,443,0.0,TCP,66.0,1.0
2025-11-27T23:19:00,66,1,1.0,11171,443,0.0,TCP,66.0,1.0
2025-11-27T23:19:00,2324,6,21.128212,8080,53915,0.0,TCP,387.3333333333333,0.2839804901616852
2025-11-27T23:19:00,1221,8,21.12716,53915,8080,0.0,TCP,152.625,0.37865950747757865
2025-11-27T23:19:00,66,1,1.0,11174,443,0.0,TCP,66.0,1.0
2025-11-27T23:19:00,380,4,8.6e-05,9993,9993,0.0,DATA,95.0,46511.62790697674
2025-11-27T23:19:00,172,2,1.013769,11175,443,0.0,TCP,86.0,1.9728360208292028
2025-11-27T23:19:00,132,2,1.014925,11176,443,0.0,TCP,66.0,1.9705889597753528
2025-11-27T23:19:00,66,1,1.0,11177,443,0.0,TCP,66.0,1.0
2025-11-27T23:19:00,108,2,0.215542,42803,443,0.0,TCP,54.0,9.278934036057937
2025-11-27T23:19:00,191,1,1.0,37116,7826,0.0,TLS,191.0,1.0
2025-11-27T23:19:00,54,1,1.0,443,42803,0.0,TCP,54.0,1.0
2025-11-27T23:19:00,185,1,1.0,7826,37116,0.0,TLS,185.0,1.0
2025-11-27T23:19:00,108,2,15.253496,37116,7826,0.0,TCP,54.0,0.13111748283803268
2025-11-27T23:19:00,172,2,1.014409,11179,443,0.0,TCP,86.0,1.971591340376515
2025-11-27T23:19:00,132,2,1.013769,11180,443,0.0,TCP,66.0,1.9728360208292028
2025-11-27T23:19:00,7648,34,19.60998,25190,35904,0.0,DATA,224.94117647058823,1.7338110492718504
2025-11-27T23:19:00,3467,21,19.564495,9993,9993,0.0,DATA,165.0952380952381,1.0733729646484613
2025-11-27T23:19:00,198,3,3.016076,11185,443,0.0,TCP,66.0,0.9946698955861855
2025-11-27T23:19:00,172,2,1.01337,11186,443,0.0,TCP,86.0,1.973612796905375
2025-11-27T23:19:00,132,2,1.011733,11187,443,0.0,TCP,66.0,1.9768061336340714
2025-11-27T23:19:00,172,2,1.011721,11189,443,0.0,TCP,86.0,1.9768295804871103
2025-11-27T23:19:00,132,2,1.010177,11190,443,0.0,TCP,66.0,1.9798510558050715
2025-11-27T23:19:00,191,1,1.0,1068,7826,0.0,TLS,191.0,1.0
2025-11-27T23:19:00,185,1,1.0,7826,1068,0.0,TLS,185.0,1.0
2025-11-27T23:19:00,108,2,15.075141,1068,7826,0.0,TCP,54.0,0.1326687425344811
2025-11-27T23:19:00,172,2,1.01244,11191,443,0.0,TCP,86.0,1.9754257042392636
2025-11-27T23:19:00,132,2,1.011763,11192,443,0.0,TCP,66.0,1.9767475189347703
2025-11-27T23:19:00,1284,5,17.459272,21009,45577,0.0,DATA,256.8,0.2863807838035859
2025-11-27T23:19:00,1478,5,17.20929,45577,21009,0.0,DATA,295.6,0.2905407486305362
2025-11-27T23:19:00,172,2,1.004488,11195,443,0.0,TCP,86.0,1.991064104299902
2025-11-27T23:19:00,132,2,1.004262,11196,443,0.0,TCP,66.0,1.9915121751096825
2025-11-27T23:19:00,55,1,1.0,11402,443,0.0,TCP,55.0,1.0
2025-11-27T23:19:00,7764,10,0.160021,11197,443,0.0,TCP,776.4,62.49179795151886
2025-11-27T23:19:00,842,9,0.159884,443,11197,0.0,TCP,93.55555555555556,56.29081083785745
2025-11-27T23:19:00,2238,4,0.108473,11197,443,0.0,TLS,559.5,36.87553584763029
2025-11-27T23:19:00,1915,11,6.76285,9993,9993,0.0,DATA,174.0909090909091,1.6265331923671233
2025-11-27T23:19:00,276,2,0.056703,443,11197,0.0,TLS,138.0,35.27150238964428
2025-11-27T23:19:00,120,2,14.759113,443,11402,0.0,TCP,60.0,0.1355094984366608
2025-11-27T23:19:00,132,2,1.000257,11201,443,0.0,TCP,66.0,1.9994861320640596
2025-11-27T23:19:00,1218,3,7.2e-05,37903,443,0.0,TLS,406.0,41666.666666666664
2025-11-27T23:19:00,501,4,0.001434,443,37903,0.0,TLS,125.25,2789.400278940028
2025-11-27T23:19:00,148,2,0.001378,37903,443,0.0,TCP,74.0,1451.3788098693758
2025-11-27T23:19:00,444,3,0.046095,56678,443,0.0,TLS,148.0,65.08298080052067
2025-11-27T23:19:00,222,3,0.045952,443,56678,0.0,TCP,74.0,65.28551532033426
2025-11-27T23:19:00,1088,3,0.036233,443,56678,0.0,TLS,362.6666666666667,82.79744983854496
2025-11-27T23:19:00,74,1,1.0,56678,443,0.0,TCP,74.0,1.0
2025-11-27T23:19:00,55,1,1.0,42533,443,0.0,DATA,55.0,1.0
2025-11-27T23:19:00,132,2,1.013845,11205,443,0.0,TCP,66.0,1.9726881328013648
2025-11-27T23:19:00,66,1,1.0,443,42533,0.0,TCP,66.0,1.0
2025-11-27T23:19:00,70,1,1.0,45577,4856,0.0,DATA,70.0,1.0
2025-11-27T23:19:00,70,1,1.0,25190,4112,0.0,DATA,70.0,1.0
2025-11-27T23:19:00,79,1,1.0,4856,45577,0.0,DATA,79.0,1.0
2025-11-27T23:19:00,79,1,1.0,4112,25190,0.0,DATA,79.0,1.0
2025-11-27T23:19:00,66,1,1.0,11206,443,0.0,TCP,66.0,1.0
2025-11-27T23:19:00,75,1,1.0,39410,443,0.0,DATA,75.0,1.0
2025-11-27T23:19:00,86,1,1.0,443,39410,0.0,TCP,86.0,1.0
2025-11-27T23:19:00,66,1,1.0,11217,443,0.0,TCP,66.0,1.0
2025-11-27T23:19:00,480,6,0.422026,5353,5353,0.0,MDNS,80.0,14.217133541535356
2025-11-27T23:19:00,600,6,0.421718,5353,5353,0.0,MDNS,100.0,14.227516966313983
2025-11-27T23:19:00,1744,16,0.422979,35904,25190,0.0,DATA,109.0,37.82693703469912
2025-11-27T23:19:00,228,2,0.000711,5353,5353,0.0,MDNS,114.0,2812.939521800281
2025-11-27T23:19:00,872,8,0.413264,9993,9993,0.0,DATA,109.0,19.35808587246893
2025-11-27T23:19:00,66,1,1.0,11218,443,0.0,TCP,66.0,1.0
2025-11-27T23:19:00,408,4,0.409878,5353,5353,0.0,MDNS,102.0,9.759001458970717
2025-11-27T23:19:00,303,3,1.58292,51557,53,0.0,DNS,101.0,1.8952315973011902
2025-11-27T23:19:00,657,4,1.980769,53,51557,0.0,DNS,164.25,2.0194177110001217
2025-11-27T23:19:00,282,5,5.132387,11219,443,0.0,TCP,56.4,0.9742055694553042
2025-11-27T23:19:00,492,8,5.106513,443,11219,0.0,TCP,61.5,1.5666267764323718
2025-11-27T23:19:00,1998,2,0.026012,11219,443,0.0,TLS,999.0,76.88759034291866
2025-11-27T23:19:00,474,2,0.051535,443,11219,0.0,TLS,237.0,38.808576695449695
2025-11-27T23:19:00,276,3,1.512808,137,137,0.0,NBNS,92.0,1.9830672497765744
2025-11-27T23:19:00,94,1,1.0,60276,5355,0.0,LLMNR,94.0,1.0
2025-11-27T23:19:00,74,1,1.0,60276,5355,0.0,LLMNR,74.0,1.0
2025-11-27T23:19:00,94,1,1.0,64236,5355,0.0,LLMNR,94.0,1.0
2025-11-27T23:19:00,74,1,1.0,64236,5355,0.0,LLMNR,74.0,1.0
2025-11-27T23:19:00,384,3,1.0,9993,9993,0.0,DATA,128.0,3.0
2025-11-27T23:19:00,336,6,0.068829,11223,443,0.0,TCP,56.0,87.17255807871682
2025-11-27T23:19:00,2330,10,0.069072,443,11223,0.0,TCP,233.0,144.77646513782722
2025-11-27T23:19:00,1565,5,0.057447,11223,443,0.0,TLS,313.0,87.03674691454732
2025-11-27T23:19:00,3082,3,0.010959,443,11223,0.0,TLS,1027.3333333333333,273.7476047084588
2025-11-27T23:19:00,75,1,1.0,11092,443,0.0,DATA,75.0,1.0
2025-11-27T23:19:00,74,1,1.0,443,11092,0.0,TCP,74.0,1.0
2025-11-27T23:19:00,75,1,1.0,39417,443,0.0,DATA,75.0,1.0
2025-11-27T23:19:00,86,1,1.0,443,39417,0.0,TCP,86.0,1.0
2025-11-27T23:19:00,220,4,3.092171,11219,443,0.0,DATA,55.0,1.2935895201138619
2025-11-27T23:19:00,336,6,0.064321,11224,443,0.0,TCP,56.0,93.28213180765223
2025-11-27T23:19:00,2665,11,0.063481,443,11224,0.0,TCP,242.27272727272728,173.28019407381737
2025-11-27T23:19:00,1585,5,0.052191,11224,443,0.0,TLS,317.0,95.80195819202544
2025-11-27T23:19:00,3082,3,0.011874,443,11224,0.0,TLS,1027.3333333333333,252.65285497726126
2025-11-27T23:19:00,198,3,3.029367,11227,443,0.0,TCP,66.0,0.9903058955880881
2025-11-27T23:19:00,86,1,1.0,443,17325,0.0,TLS,86.0,1.0
2025-11-27T23:19:00,90,1,1.0,17325,443,0.0,TLS,90.0,1.0
2025-11-27T23:19:00,54,1,1.0,443,17325,0.0,TCP,54.0,1.0
2025-11-27T23:19:00,70,1,1.0,31705,45577,0.0,DATA,70.0,1.0
2025-11-27T23:19:00,79,1,1.0,45577,31705,0.0,DATA,79.0,1.0
2025-11-27T23:19:00,70,1,1.0,4111,9993,0.0,DATA,70.0,1.0
2025-11-27T23:19:00,70,1,1.0,4856,9993,0.0,DATA,70.0,1.0
2025-11-27T23:19:00,70,1,1.0,4112,9993,0.0,DATA,70.0,1.0
2025-11-27T23:19:00,79,1,1.0,9993,4111,0.0,DATA,79.0,1.0
2025-11-27T23:19:00,79,1,1.0,9993,4856,0.0,DATA,79.0,1.0
2025-11-27T23:19:00,79,1,1.0,9993,4112,0.0,DATA,79.0,1.0
2025-11-27T23:19:00,54,1,1.0,7826,37116,0.0,TCP,54.0,1.0
2025-11-27T23:19:00,300,4,8.6e-05,9993,9993,0.0,DATA,75.0,46511.62790697674
2025-11-27T23:19:00,100,1,1.0,43611,443,0.0,TLS,100.0,1.0
2025-11-27T23:19:00,54,1,1.0,443,43611,0.0,TCP,54.0,1.0
2025-11-27T23:19:00,100,1,1.0,443,43611,0.0,TLS,100.0,1.0
2025-11-27T23:19:00,54,1,1.0,43611,443,0.0,TCP,54.0,1.0
2025-11-27T23:19:00,132,2,1.01124,11233,443,0.0,TCP,66.0,1.9777698666983112
2025-11-27T23:19:00,54,1,1.0,7826,1068,0.0,TCP,54.0,1.0
2025-11-27T23:19:00,79,1,1.0,443,11402,0.0,TLS,79.0,1.0
2025-11-27T23:19:00,83,1,1.0,11402,443,0.0,TLS,83.0,1.0
2025-11-27T23:19:00,480,8,0.342095,11239,443,0.0,TCP,60.0,23.38531694412371
2025-11-27T23:19:00,3565,7,0.098636,443,11239,0.0,TCP,509.2857142857143,70.96800356867675
2025-11-27T23:19:00,1776,3,0.052736,11239,443,0.0,TLS,592.0,56.887135922330096
2025-11-27T23:19:00,2932,3,0.248214,443,11239,0.0,TLS,977.3333333333334,12.086344847591192
2025-11-27T23:19:00,1494,1,1.0,443,11239,0.0,DATA,1494.0,1.0
2025-11-27T23:19:00,100,1,1.0,57333,53,0.0,DNS,100.0,1.0
2025-11-27T23:19:00,100,1,1.0,63124,53,0.0,DNS,100.0,1.0
2025-11-27T23:19:00,100,1,1.0,62413,53,0.0,DNS,100.0,1.0
2025-11-27T23:19:00,204,1,1.0,53,57333,0.0,DNS,204.0,1.0
2025-11-27T23:19:00,180,1,1.0,53,63124,0.0,DNS,180.0,1.0
2025-11-27T23:19:00,203,1,1.0,53,62413,0.0,DNS,203.0,1.0
2025-11-27T23:19:00,308,4,0.044431,11240,443,0.0,TCP,77.0,90.02723323805452
2025-11-27T23:19:00,678,9,0.082443,443,11240,0.0,TCP,75.33333333333333,109.16633310287106
2025-11-27T23:19:00,5076,8,0.028111,11240,443,0.0,TLS,634.5,284.5861050834193
2025-11-27T23:19:00,988,5,0.015875,443,11240,0.0,TLS,197.6,314.96062992125985
2025-11-27T23:19:00,66,1,1.0,11242,443,0.0,TCP,66.0,1.0
2025-11-27T23:19:00,300,4,6.6e-05,45577,9993,0.0,DATA,75.0,60606.0606060606
