timestamp,src_ip,src_port,dst_ip,dst_port,protocol,length,info
2025-11-27T22:15:14.748683,192.168.5.53,49409,4.145.79.82,443,TLS,155,
2025-11-27T22:15:14.794561,2408:8756:f50:1003::2f,8080,fd8b:8158:1897:0:f550:c597:79e5:3911,53915,TCP,562,
2025-11-27T22:15:14.794561,4.145.79.82,443,192.168.5.53,49409,TLS,225,
2025-11-27T22:15:14.843172,fd8b:8158:1897:0:f550:c597:79e5:3911,53915,2408:8756:f50:1003::2f,8080,TCP,74,
2025-11-27T22:15:14.843172,192.168.5.53,49409,4.145.79.82,443,TCP,54,
2025-11-27T22:15:14.855046,2408:8756:f50:1003::2f,8080,fd8b:8158:1897:0:f550:c597:79e5:3911,53915,TCP,570,
2025-11-27T22:15:14.907169,fd8b:8158:1897:0:f550:c597:79e5:3911,53915,2408:8756:f50:1003::2f,8080,TCP,74,
2025-11-27T22:15:15.103459,192.168.5.53,5353,224.0.0.251,5353,MDNS,80,
2025-11-27T22:15:15.103802,fd8b:8158:1897:0:4a79:f75e:9e9:adef,9993,2605:9880:400:c3:254:f2bc:a1f7:19,9993,DATA,385,
2025-11-27T22:15:15.103839,fd8b:8158:1897:0:4a79:f75e:9e9:adef,45577,2001:19f0:6001:2c59:beef:ec:932e:4a6c,21009,DATA,385,
2025-11-27T22:15:15.103879,192.168.5.53,9993,192.168.5.7,9993,DATA,161,
2025-11-27T22:15:15.104182,fe80::bebf:c16:e018:61e,5353,ff02::fb,5353,MDNS,100,
2025-11-27T22:15:15.104547,fd8b:8158:1897:0:4a79:f75e:9e9:adef,9993,2605:9880:400:c3:254:f2bc:a1f7:19,9993,DATA,385,
2025-11-27T22:15:15.104566,fd8b:8158:1897:0:4a79:f75e:9e9:adef,45577,2001:19f0:6001:2c59:beef:ec:932e:4a6c,21009,DATA,385,
2025-11-27T22:15:15.104588,192.168.5.53,9993,192.168.5.7,9993,DATA,171,
2025-11-27T22:15:15.104903,192.168.5.53,5353,224.0.0.251,5353,MDNS,80,
2025-11-27T22:15:15.105110,192.168.5.53,9993,192.168.5.7,9993,DATA,161,
2025-11-27T22:15:15.105365,fe80::bebf:c16:e018:61e,5353,ff02::fb,5353,MDNS,100,
2025-11-27T22:15:15.105670,192.168.5.53,9993,192.168.5.7,9993,DATA,171,
2025-11-27T22:15:15.106288,192.168.5.53,5353,224.0.0.251,5353,MDNS,80,
2025-11-27T22:15:15.106490,192.168.5.7,9993,192.168.5.53,9993,DATA,109,
2025-11-27T22:15:15.106490,192.168.5.7,9993,192.168.5.53,9993,DATA,171,
2025-11-27T22:15:15.106490,192.168.5.7,9993,192.168.5.53,9993,DATA,109,
2025-11-27T22:15:15.106588,192.168.5.53,9993,192.168.5.7,9993,DATA,109,
2025-11-27T22:15:15.106620,192.168.5.53,9993,192.168.5.7,9993,DATA,161,
2025-11-27T22:15:15.106638,192.168.5.7,9993,192.168.5.53,9993,DATA,109,
2025-11-27T22:15:15.106638,192.168.5.7,5353,192.168.5.53,5353,MDNS,114,
2025-11-27T22:15:15.106638,192.168.5.7,9993,192.168.5.53,9993,DATA,182,
2025-11-27T22:15:15.106638,192.168.5.7,9993,192.168.5.53,9993,DATA,168,
2025-11-27T22:15:15.106834,192.168.5.53,9993,192.168.5.7,9993,DATA,109,
2025-11-27T22:15:15.106887,192.168.5.7,5353,224.0.0.251,5353,MDNS,90,
2025-11-27T22:15:15.106942,fe80::bebf:c16:e018:61e,5353,ff02::fb,5353,MDNS,100,
2025-11-27T22:15:15.107297,192.168.5.53,9993,192.168.5.7,9993,DATA,171,
2025-11-27T22:15:15.107626,192.168.5.53,5353,224.0.0.251,5353,MDNS,80,
2025-11-27T22:15:15.107870,192.168.5.53,9993,192.168.5.7,9993,DATA,161,
2025-11-27T22:15:15.108099,fe80::bebf:c16:e018:61e,5353,ff02::fb,5353,MDNS,100,
2025-11-27T22:15:15.108446,192.168.5.53,9993,192.168.5.7,9993,DATA,171,
2025-11-27T22:15:15.108903,192.168.5.7,9993,192.168.5.53,9993,DATA,109,
2025-11-27T22:15:15.108903,192.168.5.7,9993,192.168.5.53,9993,DATA,188,
2025-11-27T22:15:15.108903,192.168.5.7,9993,192.168.5.53,9993,DATA,109,
2025-11-27T22:15:15.109585,192.168.5.7,5353,224.0.0.251,5353,MDNS,90,
2025-11-27T22:15:15.110562,192.168.5.7,9993,192.168.5.53,9993,DATA,171,
2025-11-27T22:15:15.110562,192.168.5.7,9993,192.168.5.53,9993,DATA,109,
2025-11-27T22:15:15.110562,192.168.5.7,9993,192.168.5.53,9993,DATA,182,
2025-11-27T22:15:15.110562,192.168.5.7,9993,192.168.5.53,9993,DATA,109,
2025-11-27T22:15:15.110562,192.168.5.7,9993,192.168.5.53,9993,DATA,168,
2025-11-27T22:15:15.110562,192.168.5.7,9993,192.168.5.53,9993,DATA,109,
2025-11-27T22:15:15.110562,192.168.5.7,5353,192.168.5.53,5353,MDNS,114,
2025-11-27T22:15:15.110562,192.168.5.7,9993,192.168.5.53,9993,DATA,188,
2025-11-27T22:15:15.110639,192.168.5.53,9993,192.168.5.7,9993,DATA,109,
2025-11-27T22:15:15.110929,192.168.5.53,9993,192.168.5.7,9993,DATA,109,
2025-11-27T22:15:15.187723,192.168.5.53,20532,113.240.75.252,443,TLS,55,
2025-11-27T22:15:15.222067,113.240.75.252,443,192.168.5.53,20532,TCP,66,
2025-11-27T22:15:15.241220,fe80::bebf:c16:e018:61e,58141,fe80::5,53,DNS,112,
2025-11-27T22:15:15.241316,fe80::bebf:c16:e018:61e,53001,fe80::5,53,DNS,112,
2025-11-27T22:15:15.249540,fe80::5,53,fe80::bebf:c16:e018:61e,58141,DNS,235,
2025-11-27T22:15:15.250249,fe80::5,53,fe80::bebf:c16:e018:61e,53001,DNS,280,
2025-11-27T22:15:15.250931,192.168.5.53,20537,20.44.10.123,443,TCP,66,
2025-11-27T22:15:15.321260,2605:9880:400:c3:254:f2bc:a1f7:19,9993,fd8b:8158:1897:0:4a79:f75e:9e9:adef,9993,DATA,128,
2025-11-27T22:15:15.321432,2605:9880:400:c3:254:f2bc:a1f7:19,9993,fd8b:8158:1897:0:4a79:f75e:9e9:adef,9993,DATA,128,
2025-11-27T22:15:15.471300,20.44.10.123,443,192.168.5.53,20537,TCP,66,
2025-11-27T22:15:15.471400,192.168.5.53,20537,20.44.10.123,443,TCP,54,
2025-11-27T22:15:15.471661,192.168.5.53,20537,20.44.10.123,443,TLS,571,
2025-11-27T22:15:15.515083,192.168.5.53,5353,224.0.0.251,5353,MDNS,80,
2025-11-27T22:15:15.515427,192.168.5.53,9993,192.168.5.7,9993,DATA,161,
2025-11-27T22:15:15.516190,fe80::bebf:c16:e018:61e,5353,ff02::fb,5353,MDNS,100,
2025-11-27T22:15:15.516541,192.168.5.53,9993,192.168.5.7,9993,DATA,171,
2025-11-27T22:15:15.517551,192.168.5.7,9993,192.168.5.53,9993,DATA,109,
2025-11-27T22:15:15.517551,192.168.5.7,9993,192.168.5.53,9993,DATA,109,
2025-11-27T22:15:15.518225,192.168.5.7,9993,192.168.5.53,9993,DATA,181,
2025-11-27T22:15:15.518225,192.168.5.7,9993,192.168.5.53,9993,DATA,185,
2025-11-27T22:15:15.518278,192.168.5.53,9993,192.168.5.7,9993,DATA,109,
2025-11-27T22:15:15.518578,192.168.5.53,9993,192.168.5.7,9993,DATA,109,
2025-11-27T22:15:15.527237,192.168.5.53,9993,192.168.5.7,9993,DATA,132,
2025-11-27T22:15:15.602910,192.168.5.7,5353,224.0.0.251,5353,MDNS,114,
2025-11-27T22:15:15.698652,20.44.10.123,443,192.168.5.53,20537,TLS,153,
2025-11-27T22:15:15.699513,192.168.5.53,20537,20.44.10.123,443,TLS,491,
2025-11-27T22:15:15.880307,103.10.124.4,443,192.168.5.53,53859,TLS,147,
2025-11-27T22:15:15.923030,192.168.5.53,53859,103.10.124.4,443,TCP,54,
2025-11-27T22:15:15.960347,20.44.10.123,443,192.168.5.53,20537,TLS,1494,
2025-11-27T22:15:15.960347,20.44.10.123,443,192.168.5.53,20537,TCP,1494,
2025-11-27T22:15:15.960347,20.44.10.123,443,192.168.5.53,20537,TCP,1494,
2025-11-27T22:15:15.960347,20.44.10.123,443,192.168.5.53,20537,TLS,224,
2025-11-27T22:15:15.960515,192.168.5.53,20537,20.44.10.123,443,TCP,54,
2025-11-27T22:15:15.962018,192.168.5.53,20537,20.44.10.123,443,TLS,1494,
2025-11-27T22:15:15.962018,192.168.5.53,20537,20.44.10.123,443,TLS,534,
2025-11-27T22:15:16.182076,20.44.10.123,443,192.168.5.53,20537,TCP,66,
2025-11-27T22:15:16.182076,20.44.10.123,443,192.168.5.53,20537,TCP,54,
2025-11-27T22:15:16.186481,20.44.10.123,443,192.168.5.53,20537,TLS,157,
2025-11-27T22:15:16.188034,192.168.5.53,53859,103.10.124.4,443,TLS,113,
2025-11-27T22:15:16.198407,20.44.10.123,443,192.168.5.53,20537,TLS,518,
2025-11-27T22:15:16.198449,192.168.5.53,20537,20.44.10.123,443,TCP,54,
2025-11-27T22:15:16.198802,192.168.5.53,20537,20.44.10.123,443,TLS,78,
2025-11-27T22:15:16.198862,192.168.5.53,20537,20.44.10.123,443,TCP,54,
2025-11-27T22:15:16.234130,192.168.5.53,20532,113.240.75.252,443,TCP,55,
2025-11-27T22:15:16.269361,113.240.75.252,443,192.168.5.53,20532,TCP,66,
2025-11-27T22:15:16.418412,20.44.10.123,443,192.168.5.53,20537,TCP,54,
2025-11-27T22:15:16.539045,192.168.5.53,9993,192.168.5.7,9993,DATA,132,
2025-11-27T22:15:16.626828,103.10.124.4,443,192.168.5.53,53859,TCP,54,
2025-11-27T22:15:16.635560,192.168.5.53,9993,192.168.5.7,9993,DATA,1328,
2025-11-27T22:15:16.636209,192.168.5.53,9993,192.168.5.7,9993,DATA,152,
2025-11-27T22:15:16.957598,192.168.5.53,45577,185.152.67.145,9993,DATA,75,
2025-11-27T22:15:16.957657,192.168.5.53,45577,185.152.67.145,9993,DATA,75,
2025-11-27T22:15:16.957683,192.168.5.53,45577,185.152.67.145,9993,DATA,75,
2025-11-27T22:15:16.957702,192.168.5.53,45577,185.152.67.145,9993,DATA,75,
2025-11-27T22:15:16.957749,fd8b:8158:1897:0:4a79:f75e:9e9:adef,45577,2001:19f0:6001:2c59:beef:ec:932e:4a6c,21009,DATA,224,
2025-11-27T22:15:17.210130,2001:19f0:6001:2c59:beef:ec:932e:4a6c,21009,fd8b:8158:1897:0:4a79:f75e:9e9:adef,45577,DATA,809,
2025-11-27T22:15:17.270261,192.168.5.53,20532,113.240.75.252,443,TCP,55,
2025-11-27T22:15:17.305552,113.240.75.252,443,192.168.5.53,20532,TCP,66,
2025-11-27T22:15:17.496849,2408:8756:f50:1003::2f,8080,fd8b:8158:1897:0:f550:c597:79e5:3911,53915,TCP,578,
2025-11-27T22:15:17.548882,fd8b:8158:1897:0:f550:c597:79e5:3911,53915,2408:8756:f50:1003::2f,8080,TCP,74,
2025-11-27T22:15:17.643333,192.168.5.53,9993,192.168.5.7,9993,DATA,410,
2025-11-27T22:15:17.643391,192.168.5.53,9993,192.168.5.7,9993,DATA,152,
2025-11-27T22:15:17.643433,192.168.5.53,9993,192.168.5.7,9993,DATA,1328,
2025-11-27T22:15:18.143611,192.168.5.53,20532,113.240.75.252,443,TCP,54,
2025-11-27T22:15:18.179752,113.240.75.252,443,192.168.5.53,20532,TCP,54,
2025-11-27T22:15:18.179884,192.168.5.53,20532,113.240.75.252,443,TCP,54,
2025-11-27T22:15:18.298154,fe80::bebf:c16:e018:61e,60576,fe80::5,53,DNS,112,
2025-11-27T22:15:18.305608,fe80::5,53,fe80::bebf:c16:e018:61e,60576,DNS,237,
2025-11-27T22:15:18.306720,192.168.5.53,20543,13.69.239.68,443,TCP,66,
2025-11-27T22:15:18.547169,192.168.5.53,9993,192.168.5.7,9993,DATA,132,
2025-11-27T22:15:18.558002,13.69.239.68,443,192.168.5.53,20543,TCP,66,
2025-11-27T22:15:18.558093,192.168.5.53,20543,13.69.239.68,443,TCP,54,
2025-11-27T22:15:18.558323,192.168.5.53,20543,13.69.239.68,443,TLS,571,
2025-11-27T22:15:18.813989,13.69.239.68,443,192.168.5.53,20543,TLS,153,
2025-11-27T22:15:18.814783,192.168.5.53,20543,13.69.239.68,443,TLS,491,
2025-11-27T22:15:18.861302,2408:8756:f50:1003::2f,8080,fd8b:8158:1897:0:f550:c597:79e5:3911,53915,TCP,874,
2025-11-27T22:15:18.905253,fd8b:8158:1897:0:f550:c597:79e5:3911,53915,2408:8756:f50:1003::2f,8080,TCP,74,
2025-11-27T22:15:19.077855,13.69.239.68,443,192.168.5.53,20543,TLS,1494,
2025-11-27T22:15:19.077855,13.69.239.68,443,192.168.5.53,20543,TCP,1494,
2025-11-27T22:15:19.077855,13.69.239.68,443,192.168.5.53,20543,TCP,224,
2025-11-27T22:15:19.077855,13.69.239.68,443,192.168.5.53,20543,DATA,1494,
2025-11-27T22:15:19.077946,192.168.5.53,20543,13.69.239.68,443,TCP,66,
2025-11-27T22:15:19.077975,192.168.5.53,20543,13.69.239.68,443,TCP,54,
2025-11-27T22:15:19.079429,192.168.5.53,20543,13.69.239.68,443,TLS,1494,
2025-11-27T22:15:19.079429,192.168.5.53,20543,13.69.239.68,443,TLS,1264,
2025-11-27T22:15:19.087862,fe80::bebf:c16:e018:61e,60576,fe80::5,53,DNS,118,
2025-11-27T22:15:19.088442,fe80::bebf:c16:e018:61e,58522,fe80::5,53,DNS,118,
2025-11-27T22:15:19.095611,fe80::5,53,fe80::bebf:c16:e018:61e,60576,DNS,232,
2025-11-27T22:15:19.099686,fe80::5,53,fe80::bebf:c16:e018:61e,58522,DNS,300,
2025-11-27T22:15:19.100787,192.168.5.53,20547,140.82.113.22,443,TCP,66,
2025-11-27T22:15:19.235988,2408:8756:f50:1003::2f,8080,fd8b:8158:1897:0:f550:c597:79e5:3911,53915,TCP,1362,
2025-11-27T22:15:19.278553,fd8b:8158:1897:0:f550:c597:79e5:3911,53915,2408:8756:f50:1003::2f,8080,TCP,74,
2025-11-27T22:15:19.331408,13.69.239.68,443,192.168.5.53,20543,TCP,54,
2025-11-27T22:15:19.351522,13.69.239.68,443,192.168.5.53,20543,TLS,157,
2025-11-27T22:15:19.355085,13.69.239.68,443,192.168.5.53,20543,TLS,518,
2025-11-27T22:15:19.355147,192.168.5.53,20543,13.69.239.68,443,TCP,54,
2025-11-27T22:15:19.355468,192.168.5.53,20543,13.69.239.68,443,TLS,78,
2025-11-27T22:15:19.355515,192.168.5.53,20543,13.69.239.68,443,TCP,54,
2025-11-27T22:15:19.386743,140.82.113.22,443,192.168.5.53,20547,TCP,66,
2025-11-27T22:15:19.387015,192.168.5.53,20547,140.82.113.22,443,TCP,54,
2025-11-27T22:15:19.387425,192.168.5.53,20547,140.82.113.22,443,TLS,571,
2025-11-27T22:15:19.606805,13.69.239.68,443,192.168.5.53,20543,TCP,54,
2025-11-27T22:15:19.657767,192.168.5.53,9993,192.168.5.7,9993,DATA,152,
2025-11-27T22:15:19.657820,192.168.5.53,9993,192.168.5.7,9993,DATA,1328,
2025-11-27T22:15:19.668345,140.82.113.22,443,192.168.5.53,20547,TLS,1490,
2025-11-27T22:15:19.668345,140.82.113.22,443,192.168.5.53,20547,TCP,1490,
2025-11-27T22:15:19.668345,140.82.113.22,443,192.168.5.53,20547,TCP,1278,
2025-11-27T22:15:19.668435,192.168.5.53,20547,140.82.113.22,443,TCP,54,
2025-11-27T22:15:19.674384,140.82.113.22,443,192.168.5.53,20547,TLS,1490,
2025-11-27T22:15:19.674384,140.82.113.22,443,192.168.5.53,20547,TLS,200,
2025-11-27T22:15:19.674464,192.168.5.53,20547,140.82.113.22,443,TCP,54,
2025-11-27T22:15:19.675682,192.168.5.53,20547,140.82.113.22,443,TLS,1490,
2025-11-27T22:15:19.675682,192.168.5.53,20547,140.82.113.22,443,TCP,1490,
2025-11-27T22:15:19.675682,192.168.5.53,20547,140.82.113.22,443,TCP,1490,
2025-11-27T22:15:19.675682,192.168.5.53,20547,140.82.113.22,443,TCP,1490,
2025-11-27T22:15:19.675682,192.168.5.53,20547,140.82.113.22,443,TLS,281,
2025-11-27T22:15:19.712353,192.168.5.7,9993,192.168.5.53,9993,DATA,152,
2025-11-27T22:15:19.712569,192.168.5.53,9993,192.168.5.7,9993,DATA,152,
2025-11-27T22:15:19.740283,fe80::bebf:c16:e018:61e,60576,fe80::5,53,DNS,112,
2025-11-27T22:15:19.740372,fe80::bebf:c16:e018:61e,58522,fe80::5,53,DNS,112,
2025-11-27T22:15:19.747829,fe80::5,53,fe80::bebf:c16:e018:61e,60576,DNS,241,
2025-11-27T22:15:19.749201,fe80::5,53,fe80::bebf:c16:e018:61e,58522,DNS,283,
2025-11-27T22:15:19.754642,192.168.5.53,20548,135.233.45.222,443,TCP,74,
2025-11-27T22:15:19.793169,192.168.5.53,29392,35.201.70.27,443,TLS,55,
2025-11-27T22:15:19.956127,140.82.113.22,443,192.168.5.53,20547,TLS,133,
2025-11-27T22:15:19.956127,140.82.113.22,443,192.168.5.53,20547,TLS,133,
2025-11-27T22:15:19.956266,192.168.5.53,20547,140.82.113.22,443,TCP,54,
2025-11-27T22:15:19.957158,140.82.113.22,443,192.168.5.53,20547,TCP,54,
2025-11-27T22:15:19.957158,140.82.113.22,443,192.168.5.53,20547,TCP,54,
2025-11-27T22:15:19.969000,135.233.45.222,443,192.168.5.53,20548,TCP,74,
2025-11-27T22:15:19.969559,192.168.5.53,20548,135.233.45.222,443,TCP,66,
2025-11-27T22:15:19.973027,192.168.5.53,20548,135.233.45.222,443,TLS,263,
2025-11-27T22:15:20.121088,35.201.70.27,443,192.168.5.53,29392,TCP,66,
2025-11-27T22:15:20.187977,135.233.45.222,443,192.168.5.53,20548,TLS,1494,
2025-11-27T22:15:20.230046,192.168.5.53,20548,135.233.45.222,443,TCP,66,
2025-11-27T22:15:20.270436,140.82.113.22,443,192.168.5.53,20547,TCP,54,
2025-11-27T22:15:20.270436,140.82.113.22,443,192.168.5.53,20547,TCP,643,
2025-11-27T22:15:20.270436,140.82.113.22,443,192.168.5.53,20547,TCP,78,
2025-11-27T22:15:20.270500,192.168.5.53,20547,140.82.113.22,443,TCP,54,
2025-11-27T22:15:20.270560,192.168.5.53,20547,140.82.113.22,443,TCP,54,
2025-11-27T22:15:20.270942,192.168.5.53,20547,140.82.113.22,443,TLS,78,
2025-11-27T22:15:20.271052,192.168.5.53,20547,140.82.113.22,443,TCP,54,
2025-11-27T22:15:20.444578,135.233.45.222,443,192.168.5.53,20548,TCP,1494,
2025-11-27T22:15:20.444578,135.233.45.222,443,192.168.5.53,20548,TCP,299,
2025-11-27T22:15:20.444578,135.233.45.222,443,192.168.5.53,20548,DATA,1494,
2025-11-27T22:15:20.444666,192.168.5.53,20548,135.233.45.222,443,TCP,78,
2025-11-27T22:15:20.444725,192.168.5.53,20548,135.233.45.222,443,TCP,66,
2025-11-27T22:15:20.447254,192.168.5.53,20548,135.233.45.222,443,TLS,224,
2025-11-27T22:15:20.530539,140.82.113.22,443,192.168.5.53,20547,TCP,54,
2025-11-27T22:15:20.588235,192.168.5.53,13318,116.132.216.246,80,TCP,55,
2025-11-27T22:15:20.663241,135.233.45.222,443,192.168.5.53,20548,TLS,117,
2025-11-27T22:15:20.678678,192.168.5.53,20548,135.233.45.222,443,TLS,1489,
2025-11-27T22:15:20.679319,192.168.5.53,20548,135.233.45.222,443,TLS,1494,
2025-11-27T22:15:20.883341,2408:8756:f50:1003::2f,8080,fd8b:8158:1897:0:f550:c597:79e5:3911,53915,TCP,586,
2025-11-27T22:15:20.893757,135.233.45.222,443,192.168.5.53,20548,TCP,66,
2025-11-27T22:15:20.893811,192.168.5.53,20548,135.233.45.222,443,TCP,1494,
2025-11-27T22:15:20.893811,192.168.5.53,20548,135.233.45.222,443,TLS,1494,
2025-11-27T22:15:20.893811,192.168.5.53,20548,135.233.45.222,443,TCP,1494,
2025-11-27T22:15:20.933542,fd8b:8158:1897:0:f550:c597:79e5:3911,53915,2408:8756:f50:1003::2f,8080,TCP,74,
2025-11-27T22:15:21.108684,135.233.45.222,443,192.168.5.53,20548,TCP,66,
2025-11-27T22:15:21.108729,192.168.5.53,20548,135.233.45.222,443,TCP,1494,
2025-11-27T22:15:21.108729,192.168.5.53,20548,135.233.45.222,443,TLS,1494,
2025-11-27T22:15:21.108729,192.168.5.53,20548,135.233.45.222,443,TCP,1494,
2025-11-27T22:15:21.108729,192.168.5.53,20548,135.233.45.222,443,TLS,985,
2025-11-27T22:15:21.322093,192.168.5.53,9993,192.168.5.7,9993,DATA,108,
2025-11-27T22:15:21.322163,192.168.5.53,9993,192.168.5.7,9993,DATA,152,
2025-11-27T22:15:21.323354,192.168.5.7,9993,192.168.5.53,9993,DATA,108,
2025-11-27T22:15:21.323354,192.168.5.7,9993,192.168.5.53,9993,DATA,152,
2025-11-27T22:15:21.323354,135.233.45.222,443,192.168.5.53,20548,TCP,66,
2025-11-27T22:15:21.324416,135.233.45.222,443,192.168.5.53,20548,TCP,66,
2025-11-27T22:15:21.380849,135.233.45.222,443,192.168.5.53,20548,TLS,1026,
2025-11-27T22:15:21.382390,192.168.5.53,20548,135.233.45.222,443,TCP,66,
2025-11-27T22:15:21.558376,fe80::bebf:c16:e018:61e,60576,fe80::5,53,DNS,114,
2025-11-27T22:15:21.565805,fe80::5,53,fe80::bebf:c16:e018:61e,60576,DNS,178,
2025-11-27T22:15:21.596584,135.233.45.222,443,192.168.5.53,20548,TCP,66,
2025-11-27T22:15:21.596668,192.168.5.53,20548,135.233.45.222,443,TCP,66,
2025-11-27T22:15:22.315382,fe80::bebf:c16:e018:61e,62869,fe80::5,53,DNS,100,
2025-11-27T22:15:22.315579,fe80::bebf:c16:e018:61e,64713,fe80::5,53,DNS,100,
2025-11-27T22:15:22.315740,fe80::bebf:c16:e018:61e,56460,fe80::5,53,DNS,100,
2025-11-27T22:15:22.323567,fe80::5,53,fe80::bebf:c16:e018:61e,62869,DNS,204,
2025-11-27T22:15:22.324559,fe80::5,53,fe80::bebf:c16:e018:61e,64713,DNS,180,
2025-11-27T22:15:22.324559,fe80::5,53,fe80::bebf:c16:e018:61e,56460,DNS,203,
2025-11-27T22:15:22.325440,fd8b:8158:1897:0:f550:c597:79e5:3911,20552,2408:8756:3af0:3006::5e,443,TCP,86,
2025-11-27T22:15:22.339143,2408:8756:3af0:3006::5e,443,fd8b:8158:1897:0:f550:c597:79e5:3911,20552,TCP,86,
2025-11-27T22:15:22.339221,fd8b:8158:1897:0:f550:c597:79e5:3911,20552,2408:8756:3af0:3006::5e,443,TCP,74,
2025-11-27T22:15:22.339698,fd8b:8158:1897:0:f550:c597:79e5:3911,20552,2408:8756:3af0:3006::5e,443,TLS,1474,
2025-11-27T22:15:22.339698,fd8b:8158:1897:0:f550:c597:79e5:3911,20552,2408:8756:3af0:3006::5e,443,TLS,612,
2025-11-27T22:15:22.353704,2408:8756:3af0:3006::5e,443,fd8b:8158:1897:0:f550:c597:79e5:3911,20552,TCP,74,
2025-11-27T22:15:22.353704,2408:8756:3af0:3006::5e,443,fd8b:8158:1897:0:f550:c597:79e5:3911,20552,TCP,74,
2025-11-27T22:15:22.353704,2408:8756:3af0:3006::5e,443,fd8b:8158:1897:0:f550:c597:79e5:3911,20552,TLS,224,
2025-11-27T22:15:22.353955,fd8b:8158:1897:0:f550:c597:79e5:3911,20552,2408:8756:3af0:3006::5e,443,TLS,125,
2025-11-27T22:15:22.354071,fd8b:8158:1897:0:f550:c597:79e5:3911,20552,2408:8756:3af0:3006::5e,443,TLS,173,
2025-11-27T22:15:22.354209,fd8b:8158:1897:0:f550:c597:79e5:3911,20552,2408:8756:3af0:3006::5e,443,TLS,583,
2025-11-27T22:15:22.354243,fd8b:8158:1897:0:f550:c597:79e5:3911,20552,2408:8756:3af0:3006::5e,443,TLS,1474,
2025-11-27T22:15:22.354243,fd8b:8158:1897:0:f550:c597:79e5:3911,20552,2408:8756:3af0:3006::5e,443,TLS,427,
2025-11-27T22:15:22.367135,2408:8756:3af0:3006::5e,443,fd8b:8158:1897:0:f550:c597:79e5:3911,20552,TCP,74,
2025-11-27T22:15:22.367135,2408:8756:3af0:3006::5e,443,fd8b:8158:1897:0:f550:c597:79e5:3911,20552,TLS,143,
2025-11-27T22:15:22.367135,2408:8756:3af0:3006::5e,443,fd8b:8158:1897:0:f550:c597:79e5:3911,20552,TCP,74,
2025-11-27T22:15:22.367135,2408:8756:3af0:3006::5e,443,fd8b:8158:1897:0:f550:c597:79e5:3911,20552,TLS,112,
2025-11-27T22:15:22.367211,fd8b:8158:1897:0:f550:c597:79e5:3911,20552,2408:8756:3af0:3006::5e,443,TCP,74,
2025-11-27T22:15:22.367393,fd8b:8158:1897:0:f550:c597:79e5:3911,20552,2408:8756:3af0:3006::5e,443,TLS,112,
2025-11-27T22:15:22.368468,2408:8756:3af0:3006::5e,443,fd8b:8158:1897:0:f550:c597:79e5:3911,20552,TCP,74,
2025-11-27T22:15:22.380605,2408:8756:3af0:3006::5e,443,fd8b:8158:1897:0:f550:c597:79e5:3911,20552,TCP,74,
2025-11-27T22:15:22.388969,2408:8756:3af0:3006::5e,443,fd8b:8158:1897:0:f550:c597:79e5:3911,20552,TLS,397,
2025-11-27T22:15:22.388969,2408:8756:3af0:3006::5e,443,fd8b:8158:1897:0:f550:c597:79e5:3911,20552,TLS,112,
2025-11-27T22:15:22.389005,fd8b:8158:1897:0:f550:c597:79e5:3911,20552,2408:8756:3af0:3006::5e,443,TCP,74,
2025-11-27T22:15:22.565470,192.168.5.53,9993,192.168.5.7,9993,DATA,132,
2025-11-27T22:15:22.624394,192.168.5.53,45577,185.152.67.145,9993,DATA,75,
2025-11-27T22:15:22.624495,192.168.5.53,45577,185.152.67.145,9993,DATA,75,
2025-11-27T22:15:22.624513,192.168.5.53,45577,185.152.67.145,9993,DATA,75,
2025-11-27T22:15:22.624529,192.168.5.53,45577,185.152.67.145,9993,DATA,75,
2025-11-27T22:15:23.653753,192.168.5.53,9993,192.168.5.7,9993,DATA,152,
2025-11-27T22:15:23.653812,192.168.5.53,9993,192.168.5.7,9993,DATA,1328,
2025-11-27T22:15:24.102860,192.168.5.4,57167,224.0.0.251,5353,MDNS,82,
2025-11-27T22:15:24.103478,192.168.5.4,57167,224.0.0.251,5353,MDNS,82,
2025-11-27T22:15:24.103830,fe80::ec0f:5cff:fec8:89fd,55362,ff02::fb,5353,MDNS,102,
2025-11-27T22:15:24.104458,fd8b:8158:1897:0:ec0f:5cff:fec8:89fd,39277,ff02::fb,5353,MDNS,102,
2025-11-27T22:15:24.104673,fd8b:8158:1897:0:2df2:718f:a026:b1ad,42480,ff02::fb,5353,MDNS,102,
2025-11-27T22:15:24.104871,fe80::ec0f:5cff:fec8:89fd,55362,ff02::fb,5353,MDNS,102,
2025-11-27T22:15:24.105098,fd8b:8158:1897:0:ec0f:5cff:fec8:89fd,39277,ff02::fb,5353,MDNS,102,
2025-11-27T22:15:24.105318,fd8b:8158:1897:0:2df2:718f:a026:b1ad,42480,ff02::fb,5353,MDNS,102,
2025-11-27T22:15:24.128640,192.168.5.4,57167,224.0.0.251,5353,MDNS,81,
2025-11-27T22:15:24.129310,fd8b:8158:1897:0:ec0f:5cff:fec8:89fd,39277,ff02::fb,5353,MDNS,101,
2025-11-27T22:15:24.129723,fd8b:8158:1897:0:2df2:718f:a026:b1ad,42480,ff02::fb,5353,MDNS,101,
2025-11-27T22:15:24.130002,fe80::ec0f:5cff:fec8:89fd,55362,ff02::fb,5353,MDNS,101,
2025-11-27T22:15:24.278997,fd8b:8158:1897:0:f550:c597:79e5:3911,46096,2408:8756:f50:4003::1a,8080,TCP,465,
2025-11-27T22:15:24.329513,2408:8756:f50:4003::1a,8080,fd8b:8158:1897:0:f550:c597:79e5:3911,46096,TCP,457,
2025-11-27T22:15:24.371240,fd8b:8158:1897:0:f550:c597:79e5:3911,46096,2408:8756:f50:4003::1a,8080,TCP,74,
2025-11-27T22:15:25.102393,192.168.5.4,57167,224.0.0.251,5353,MDNS,82,
2025-11-27T22:15:25.103365,fd8b:8158:1897:0:ec0f:5cff:fec8:89fd,39277,ff02::fb,5353,MDNS,102,
2025-11-27T22:15:25.103808,fd8b:8158:1897:0:2df2:718f:a026:b1ad,42480,ff02::fb,5353,MDNS,102,
2025-11-27T22:15:25.104010,fe80::ec0f:5cff:fec8:89fd,55362,ff02::fb,5353,MDNS,102,
2025-11-27T22:15:25.104259,192.168.5.4,10708,239.255.255.250,1900,SSDP,214,
2025-11-27T22:15:25.104356,192.168.5.4,10708,239.255.255.250,1900,SSDP,214,
2025-11-27T22:15:25.104405,192.168.5.4,10708,239.255.255.250,1900,SSDP,214,
2025-11-27T22:15:25.129820,192.168.5.4,57167,224.0.0.251,5353,MDNS,81,
2025-11-27T22:15:25.130494,fe80::ec0f:5cff:fec8:89fd,55362,ff02::fb,5353,MDNS,101,
2025-11-27T22:15:25.130927,fd8b:8158:1897:0:ec0f:5cff:fec8:89fd,39277,ff02::fb,5353,MDNS,101,
2025-11-27T22:15:25.131197,fd8b:8158:1897:0:2df2:718f:a026:b1ad,42480,ff02::fb,5353,MDNS,101,
2025-11-27T22:15:26.751930,192.168.5.4,4113,239.255.255.250,1900,SSDP,214,
2025-11-27T22:15:26.752203,192.168.5.4,4113,239.255.255.250,1900,SSDP,214,
2025-11-27T22:15:26.752718,192.168.5.4,4113,239.255.255.250,1900,SSDP,214,
2025-11-27T22:15:27.081313,192.168.5.53,51763,106.11.47.6,443,TLS,100,
2025-11-27T22:15:27.128558,106.11.47.6,443,192.168.5.53,51763,TLS,100,
2025-11-27T22:15:27.174957,192.168.5.53,51763,106.11.47.6,443,TCP,54,
2025-11-27T22:15:27.631246,192.168.5.53,45577,192.168.5.7,31705,DATA,70,
2025-11-27T22:15:27.631305,192.168.5.53,25190,192.168.5.7,35904,DATA,70,
2025-11-27T22:15:27.631339,192.168.5.53,9993,112.92.68.235,4111,DATA,70,
2025-11-27T22:15:27.631359,192.168.5.53,45577,112.92.68.235,4856,DATA,70,
2025-11-27T22:15:27.631374,192.168.5.53,25190,112.92.68.235,4112,DATA,70,
2025-11-27T22:15:27.631421,fd8b:8158:1897:0:4a79:f75e:9e9:adef,9993,2605:9880:400:c3:254:f2bc:a1f7:19,9993,DATA,95,
2025-11-27T22:15:27.631440,fd8b:8158:1897:0:4a79:f75e:9e9:adef,9993,2605:9880:400:c3:254:f2bc:a1f7:19,9993,DATA,95,
2025-11-27T22:15:27.631457,fd8b:8158:1897:0:4a79:f75e:9e9:adef,9993,2605:9880:400:c3:254:f2bc:a1f7:19,9993,DATA,95,
2025-11-27T22:15:27.631474,fd8b:8158:1897:0:4a79:f75e:9e9:adef,9993,2605:9880:400:c3:254:f2bc:a1f7:19,9993,DATA,95,
2025-11-27T22:15:27.632478,192.168.5.7,31705,192.168.5.53,45577,DATA,79,
2025-11-27T22:15:27.632478,192.168.5.7,35904,192.168.5.53,25190,DATA,79,
2025-11-27T22:15:27.636625,112.92.68.235,4111,192.168.5.53,9993,DATA,79,
2025-11-27T22:15:27.637488,112.92.68.235,4856,192.168.5.53,45577,DATA,79,
2025-11-27T22:15:27.638427,112.92.68.235,4112,192.168.5.53,25190,DATA,79,
2025-11-27T22:15:27.776270,fd8b:8158:1897:0:f550:c597:79e5:3911,46079,2408:871a:3001:3002::11,443,TLS,135,
2025-11-27T22:15:27.776329,fd8b:8158:1897:0:f550:c597:79e5:3911,46079,2408:871a:3001:3002::11,443,TLS,113,
2025-11-27T22:15:27.776349,fd8b:8158:1897:0:f550:c597:79e5:3911,46079,2408:871a:3001:3002::11,443,TLS,966,
2025-11-27T22:15:27.817734,2408:871a:3001:3002::11,443,fd8b:8158:1897:0:f550:c597:79e5:3911,46079,TCP,74,
2025-11-27T22:15:27.817734,2408:871a:3001:3002::11,443,fd8b:8158:1897:0:f550:c597:79e5:3911,46079,TLS,126,
2025-11-27T22:15:27.818791,2408:871a:3001:3002::11,443,fd8b:8158:1897:0:f550:c597:79e5:3911,46079,TLS,174,
2025-11-27T22:15:27.818791,2408:871a:3001:3002::11,443,fd8b:8158:1897:0:f550:c597:79e5:3911,46079,TLS,105,
2025-11-27T22:15:27.818836,fd8b:8158:1897:0:f550:c597:79e5:3911,46079,2408:871a:3001:3002::11,443,TCP,74,
2025-11-27T22:15:28.106441,192.168.5.4,57167,224.0.0.251,5353,MDNS,82,
2025-11-27T22:15:28.107093,fe80::ec0f:5cff:fec8:89fd,55362,ff02::fb,5353,MDNS,102,
2025-11-27T22:15:28.107487,fd8b:8158:1897:0:ec0f:5cff:fec8:89fd,39277,ff02::fb,5353,MDNS,102,
2025-11-27T22:15:28.107742,fd8b:8158:1897:0:2df2:718f:a026:b1ad,42480,ff02::fb,5353,MDNS,102,
2025-11-27T22:15:28.127691,192.168.5.4,57167,224.0.0.251,5353,MDNS,81,
2025-11-27T22:15:28.128400,fd8b:8158:1897:0:ec0f:5cff:fec8:89fd,39277,ff02::fb,5353,MDNS,101,
2025-11-27T22:15:28.128873,fd8b:8158:1897:0:2df2:718f:a026:b1ad,42480,ff02::fb,5353,MDNS,101,
2025-11-27T22:15:28.129133,fe80::ec0f:5cff:fec8:89fd,55362,ff02::fb,5353,MDNS,101,
2025-11-27T22:15:29.246391,fe80::bebf:c16:e018:61e,58522,fe80::5,53,DNS,98,
2025-11-27T22:15:29.253614,fe80::5,53,fe80::bebf:c16:e018:61e,58522,DNS,155,
2025-11-27T22:15:29.254778,192.168.5.53,20563,142.251.33.74,443,TCP,66,
2025-11-27T22:15:29.342449,fe80::5,53,fe80::bebf:c16:e018:61e,58522,DNS,155,
2025-11-27T22:15:29.523233,192.168.5.7,9993,192.168.5.53,9993,DATA,158,
2025-11-27T22:15:29.567289,192.168.5.53,9993,192.168.5.7,9993,DATA,120,
2025-11-27T22:15:29.571547,112.92.68.235,4856,192.168.5.53,9993,DATA,70,
2025-11-27T22:15:29.571547,112.92.68.235,4112,192.168.5.53,9993,DATA,70,
2025-11-27T22:15:29.571657,192.168.5.53,9993,112.92.68.235,4856,DATA,79,
2025-11-27T22:15:29.571685,192.168.5.53,9993,112.92.68.235,4112,DATA,79,
2025-11-27T22:15:29.832307,192.168.5.53,9993,192.168.5.7,9993,DATA,167,
2025-11-27T22:15:29.881795,192.168.5.7,9993,192.168.5.53,9993,DATA,120,
2025-11-27T22:15:30.267033,192.168.5.53,20563,142.251.33.74,443,TCP,66,
2025-11-27T22:15:30.568819,192.168.5.53,9993,192.168.5.7,9993,DATA,132,
2025-11-27T22:15:30.569988,192.168.5.7,9993,192.168.5.53,9993,DATA,159,
2025-11-27T22:15:30.759107,2408:8756:f50:4003::1a,8080,fd8b:8158:1897:0:f550:c597:79e5:3911,46096,TCP,115,
2025-11-27T22:15:30.760494,fd8b:8158:1897:0:f550:c597:79e5:3911,46096,2408:8756:f50:4003::1a,8080,TCP,465,
2025-11-27T22:15:30.807532,2408:8756:f50:4003::1a,8080,fd8b:8158:1897:0:f550:c597:79e5:3911,46096,TCP,761,
2025-11-27T22:15:30.849617,fd8b:8158:1897:0:f550:c597:79e5:3911,46096,2408:8756:f50:4003::1a,8080,TCP,74,
2025-11-27T22:15:30.896137,fd8b:8158:1897:0:f550:c597:79e5:3911,53915,2408:8756:f50:1003::2f,8080,TCP,227,
2025-11-27T22:15:30.910846,2408:8756:f50:1003::2f,8080,fd8b:8158:1897:0:f550:c597:79e5:3911,53915,TCP,154,
2025-11-27T22:15:30.957377,fd8b:8158:1897:0:f550:c597:79e5:3911,53915,2408:8756:f50:1003::2f,8080,TCP,74,
2025-11-27T22:15:31.225425,192.168.5.53,20456,4.249.131.160,443,TLS,55,
2025-11-27T22:15:31.438350,4.249.131.160,443,192.168.5.53,20456,TCP,66,
2025-11-27T22:15:31.674477,192.168.5.53,9993,192.168.5.7,9993,DATA,152,
2025-11-27T22:15:32.279149,192.168.5.53,20563,142.251.33.74,443,TCP,66,
2025-11-27T22:15:32.703904,fd8b:8158:1897:0:4a79:f75e:9e9:adef,9993,2605:9880:400:c3:254:f2bc:a1f7:19,9993,DATA,95,
2025-11-27T22:15:32.703984,fd8b:8158:1897:0:4a79:f75e:9e9:adef,9993,2605:9880:400:c3:254:f2bc:a1f7:19,9993,DATA,95,
2025-11-27T22:15:32.704001,fd8b:8158:1897:0:4a79:f75e:9e9:adef,9993,2605:9880:400:c3:254:f2bc:a1f7:19,9993,DATA,95,
2025-11-27T22:15:32.704017,fd8b:8158:1897:0:4a79:f75e:9e9:adef,9993,2605:9880:400:c3:254:f2bc:a1f7:19,9993,DATA,95,
2025-11-27T22:15:34.146126,192.168.5.4,57167,224.0.0.251,5353,MDNS,81,
2025-11-27T22:15:34.146842,fe80::ec0f:5cff:fec8:89fd,55362,ff02::fb,5353,MDNS,101,
2025-11-27T22:15:34.147234,fd8b:8158:1897:0:ec0f:5cff:fec8:89fd,39277,ff02::fb,5353,MDNS,101,
2025-11-27T22:15:34.147442,fd8b:8158:1897:0:2df2:718f:a026:b1ad,42480,ff02::fb,5353,MDNS,101,
2025-11-27T22:15:34.263777,192.168.5.53,20570,142.251.34.202,443,TCP,66,
2025-11-27T22:15:34.312437,fd8b:8158:1897:0:f550:c597:79e5:3911,53915,2408:8756:f50:1003::2f,8080,TCP,726,
2025-11-27T22:15:34.340822,2408:8756:f50:1003::2f,8080,fd8b:8158:1897:0:f550:c597:79e5:3911,53915,TCP,994,
2025-11-27T22:15:34.354264,fe80::bebf:c16:e018:61e,60576,fe80::5,53,DNS,94,
2025-11-27T22:15:34.354348,fe80::bebf:c16:e018:61e,58522,fe80::5,53,DNS,94,
2025-11-27T22:15:34.361208,fe80::5,53,fe80::bebf:c16:e018:61e,60576,DNS,110,
2025-11-27T22:15:34.362478,fe80::5,53,fe80::bebf:c16:e018:61e,58522,DNS,122,
2025-11-27T22:15:34.363324,fd8b:8158:1897:0:f550:c597:79e5:3911,20571,2408:8756:f50:200f::ed,443,TCP,86,
2025-11-27T22:15:34.374972,2408:8756:f50:200f::ed,443,fd8b:8158:1897:0:f550:c597:79e5:3911,20571,TCP,86,
2025-11-27T22:15:34.375036,fd8b:8158:1897:0:f550:c597:79e5:3911,20571,2408:8756:f50:200f::ed,443,TCP,74,
2025-11-27T22:15:34.375236,fd8b:8158:1897:0:f550:c597:79e5:3911,20571,2408:8756:f50:200f::ed,443,TLS,331,
2025-11-27T22:15:34.386958,fd8b:8158:1897:0:f550:c597:79e5:3911,53915,2408:8756:f50:1003::2f,8080,TCP,74,
2025-11-27T22:15:34.387053,2408:8756:f50:200f::ed,443,fd8b:8158:1897:0:f550:c597:79e5:3911,20571,TCP,74,
2025-11-27T22:15:34.388686,2408:8756:f50:200f::ed,443,fd8b:8158:1897:0:f550:c597:79e5:3911,20571,TLS,1478,
2025-11-27T22:15:34.388686,2408:8756:f50:200f::ed,443,fd8b:8158:1897:0:f550:c597:79e5:3911,20571,TCP,1478,
2025-11-27T22:15:34.388686,2408:8756:f50:200f::ed,443,fd8b:8158:1897:0:f550:c597:79e5:3911,20571,TLS,1478,
2025-11-27T22:15:34.388686,2408:8756:f50:200f::ed,443,fd8b:8158:1897:0:f550:c597:79e5:3911,20571,TLS,119,
2025-11-27T22:15:34.388759,fd8b:8158:1897:0:f550:c597:79e5:3911,20571,2408:8756:f50:200f::ed,443,TCP,74,
2025-11-27T22:15:34.389207,fd8b:8158:1897:0:f550:c597:79e5:3911,20571,2408:8756:f50:200f::ed,443,TLS,200,
2025-11-27T22:15:34.400403,2408:8756:f50:200f::ed,443,fd8b:8158:1897:0:f550:c597:79e5:3911,20571,TCP,74,
2025-11-27T22:15:34.400403,2408:8756:f50:200f::ed,443,fd8b:8158:1897:0:f550:c597:79e5:3911,20571,TLS,125,
2025-11-27T22:15:34.400858,fd8b:8158:1897:0:f550:c597:79e5:3911,20571,2408:8756:f50:200f::ed,443,TLS,460,
2025-11-27T22:15:34.412742,2408:8756:f50:200f::ed,443,fd8b:8158:1897:0:f550:c597:79e5:3911,20571,TCP,74,
2025-11-27T22:15:34.445365,2408:8756:f50:200f::ed,443,fd8b:8158:1897:0:f550:c597:79e5:3911,20571,TLS,1478,
2025-11-27T22:15:34.445365,2408:8756:f50:200f::ed,443,fd8b:8158:1897:0:f550:c597:79e5:3911,20571,TCP,1478,
2025-11-27T22:15:34.445365,2408:8756:f50:200f::ed,443,fd8b:8158:1897:0:f550:c597:79e5:3911,20571,TCP,1478,
2025-11-27T22:15:34.445365,2408:8756:f50:200f::ed,443,fd8b:8158:1897:0:f550:c597:79e5:3911,20571,TCP,1478,
2025-11-27T22:15:34.445365,2408:8756:f50:200f::ed,443,fd8b:8158:1897:0:f550:c597:79e5:3911,20571,TLS,904,
2025-11-27T22:15:34.445586,fd8b:8158:1897:0:f550:c597:79e5:3911,20571,2408:8756:f50:200f::ed,443,TCP,74,
2025-11-27T22:15:34.786013,2001:19f0:6001:2c59:beef:ec:932e:4a6c,21009,fd8b:8158:1897:0:4a79:f75e:9e9:adef,45577,DATA,90,
2025-11-27T22:15:34.786234,fd8b:8158:1897:0:4a79:f75e:9e9:adef,45577,2001:19f0:6001:2c59:beef:ec:932e:4a6c,21009,DATA,99,
2025-11-27T22:15:35.267104,192.168.5.53,20570,142.251.34.202,443,TCP,66,
2025-11-27T22:15:35.699502,2408:8756:f50:1003::2f,8080,fd8b:8158:1897:0:f550:c597:79e5:3911,53915,TCP,626,
2025-11-27T22:15:35.752911,fd8b:8158:1897:0:f550:c597:79e5:3911,53915,2408:8756:f50:1003::2f,8080,TCP,74,
2025-11-27T22:15:36.768695,192.168.5.53,20575,142.250.217.106,443,TCP,66,
2025-11-27T22:15:36.829870,192.168.5.53,1339,140.82.114.21,443,TLS,55,
2025-11-27T22:15:37.093967,140.82.114.21,443,192.168.5.53,1339,TCP,66,
2025-11-27T22:15:37.139936,192.168.5.53,43870,20.205.69.80,443,TLS,55,
2025-11-27T22:15:37.231797,20.205.69.80,443,192.168.5.53,43870,TCP,66,
2025-11-27T22:15:37.435441,192.168.5.53,63343,114.250.69.34,443,TLS,55,
2025-11-27T22:15:37.474161,114.250.69.34,443,192.168.5.53,63343,TCP,66,
2025-11-27T22:15:37.778584,192.168.5.53,20575,142.250.217.106,443,TCP,66,
2025-11-27T22:15:37.778599,fd8b:8158:1897:0:4a79:f75e:9e9:adef,9993,2605:9880:400:c3:254:f2bc:a1f7:19,9993,DATA,95,
2025-11-27T22:15:37.778632,fd8b:8158:1897:0:4a79:f75e:9e9:adef,9993,2605:9880:400:c3:254:f2bc:a1f7:19,9993,DATA,95,
2025-11-27T22:15:37.778649,fd8b:8158:1897:0:4a79:f75e:9e9:adef,9993,2605:9880:400:c3:254:f2bc:a1f7:19,9993,DATA,95,
2025-11-27T22:15:37.778670,fd8b:8158:1897:0:4a79:f75e:9e9:adef,9993,2605:9880:400:c3:254:f2bc:a1f7:19,9993,DATA,95,
2025-11-27T22:15:38.013045,192.168.5.53,20576,142.250.217.74,443,TCP,66,
2025-11-27T22:15:38.641358,192.168.5.53,20577,142.250.73.138,443,TCP,66,
2025-11-27T22:15:38.954416,192.168.5.53,20580,142.250.73.106,443,TCP,66,
2025-11-27T22:15:39.707436,192.168.5.53,44047,114.250.65.33,443,TLS,55,
2025-11-27T22:15:39.751648,114.250.65.33,443,192.168.5.53,44047,TCP,66,
2025-11-27T22:15:39.770083,192.168.5.1,56919,239.255.255.250,15683,DATA,719,
2025-11-27T22:15:41.888219,fd8b:8158:1897:0:f550:c597:79e5:3911,51764,2408:871a:3001:b03::b1:2,443,TLS,75,
2025-11-27T22:15:42.786108,192.168.5.53,45577,192.168.5.7,31705,DATA,70,
2025-11-27T22:15:42.786168,192.168.5.53,25190,192.168.5.7,35904,DATA,70,
2025-11-27T22:15:42.786195,192.168.5.53,9993,112.92.68.235,4111,DATA,70,
2025-11-27T22:15:42.786217,192.168.5.53,45577,112.92.68.235,4856,DATA,70,
2025-11-27T22:15:42.786231,192.168.5.53,25190,112.92.68.235,4112,DATA,70,
2025-11-27T22:15:42.786274,fd8b:8158:1897:0:4a79:f75e:9e9:adef,9993,2605:9880:400:c3:254:f2bc:a1f7:19,9993,DATA,95,
2025-11-27T22:15:42.786296,fd8b:8158:1897:0:4a79:f75e:9e9:adef,9993,2605:9880:400:c3:254:f2bc:a1f7:19,9993,DATA,95,
2025-11-27T22:15:42.786320,fd8b:8158:1897:0:4a79:f75e:9e9:adef,9993,2605:9880:400:c3:254:f2bc:a1f7:19,9993,DATA,95,
2025-11-27T22:15:42.786335,fd8b:8158:1897:0:4a79:f75e:9e9:adef,9993,2605:9880:400:c3:254:f2bc:a1f7:19,9993,DATA,95,
2025-11-27T22:15:42.788016,192.168.5.7,31705,192.168.5.53,45577,DATA,79,
2025-11-27T22:15:42.788016,192.168.5.7,35904,192.168.5.53,25190,DATA,79,
2025-11-27T22:15:42.792439,112.92.68.235,4111,192.168.5.53,9993,DATA,79,
2025-11-27T22:15:42.793037,112.92.68.235,4856,192.168.5.53,45577,DATA,79,
2025-11-27T22:15:42.793037,112.92.68.235,4112,192.168.5.53,25190,DATA,79,
2025-11-27T22:15:43.289291,192.168.5.53,53859,103.10.124.4,443,TLS,113,
2025-11-27T22:15:43.727995,103.10.124.4,443,192.168.5.53,53859,TCP,54,
2025-11-27T22:15:43.825527,192.168.5.53,9993,192.168.5.7,9993,DATA,132,
2025-11-27T22:15:43.826867,192.168.5.7,9993,192.168.5.53,9993,DATA,411,
2025-11-27T22:15:43.826867,192.168.5.7,9993,192.168.5.53,9993,DATA,132,
2025-11-27T22:15:43.828864,192.168.5.53,9993,192.168.5.7,9993,DATA,120,
2025-11-27T22:15:43.829004,192.168.5.53,9993,192.168.5.7,9993,DATA,195,
2025-11-27T22:15:43.830369,192.168.5.7,9993,192.168.5.53,9993,DATA,195,
2025-11-27T22:15:43.830369,192.168.5.7,9993,192.168.5.53,9993,DATA,120,
2025-11-27T22:15:43.830534,192.168.5.53,9993,192.168.5.7,9993,DATA,120,
2025-11-27T22:15:43.830663,192.168.5.53,9993,192.168.5.7,9993,DATA,120,
2025-11-27T22:15:43.832754,192.168.5.7,9993,192.168.5.53,9993,DATA,120,
2025-11-27T22:15:44.138896,192.168.5.4,57167,224.0.0.251,5353,MDNS,81,
2025-11-27T22:15:44.139614,fe80::ec0f:5cff:fec8:89fd,55362,ff02::fb,5353,MDNS,101,
2025-11-27T22:15:44.140005,fd8b:8158:1897:0:ec0f:5cff:fec8:89fd,39277,ff02::fb,5353,MDNS,101,
2025-11-27T22:15:44.140261,fd8b:8158:1897:0:2df2:718f:a026:b1ad,42480,ff02::fb,5353,MDNS,101,
2025-11-27T22:15:44.181998,2408:8756:f50:1003::2f,8080,fd8b:8158:1897:0:f550:c597:79e5:3911,53915,TCP,602,
2025-11-27T22:15:44.231707,fd8b:8158:1897:0:f550:c597:79e5:3911,53915,2408:8756:f50:1003::2f,8080,TCP,74,
2025-11-27T22:15:44.452233,2408:8756:f50:200f::ed,443,fd8b:8158:1897:0:f550:c597:79e5:3911,20571,TCP,74,
2025-11-27T22:15:44.452308,fd8b:8158:1897:0:f550:c597:79e5:3911,20571,2408:8756:f50:200f::ed,443,TCP,74,
2025-11-27T22:15:45.592040,112.92.68.235,4856,192.168.5.53,9993,DATA,70,
2025-11-27T22:15:45.592040,112.92.68.235,4112,192.168.5.53,9993,DATA,70,
2025-11-27T22:15:45.592293,192.168.5.53,9993,112.92.68.235,4856,DATA,79,
2025-11-27T22:15:45.592348,192.168.5.53,9993,112.92.68.235,4112,DATA,79,
2025-11-27T22:15:46.356527,fd8b:8158:1897:0:f550:c597:79e5:3911,20502,2620:1ec:bdf::73,443,TLS,75,
2025-11-27T22:15:46.403217,2620:1ec:bdf::73,443,fd8b:8158:1897:0:f550:c597:79e5:3911,20502,TCP,86,
2025-11-27T22:15:47.981859,fd8b:8158:1897:0:4a79:f75e:9e9:adef,9993,2605:9880:400:c3:254:f2bc:a1f7:19,9993,DATA,95,
2025-11-27T22:15:47.981931,fd8b:8158:1897:0:4a79:f75e:9e9:adef,9993,2605:9880:400:c3:254:f2bc:a1f7:19,9993,DATA,95,
2025-11-27T22:15:47.981952,fd8b:8158:1897:0:4a79:f75e:9e9:adef,9993,2605:9880:400:c3:254:f2bc:a1f7:19,9993,DATA,95,
2025-11-27T22:15:47.981965,fd8b:8158:1897:0:4a79:f75e:9e9:adef,9993,2605:9880:400:c3:254:f2bc:a1f7:19,9993,DATA,95,
2025-11-27T22:15:47.982014,192.168.5.53,9993,192.168.5.7,9993,DATA,151,
2025-11-27T22:15:48.122093,192.168.5.53,20601,218.108.76.243,4090,TCP,66,
2025-11-27T22:15:49.124966,192.168.5.53,20601,218.108.76.243,4090,TCP,66,
2025-11-27T22:15:50.369221,2408:8756:f50:1003::2f,8080,fd8b:8158:1897:0:f550:c597:79e5:3911,53915,TCP,570,
2025-11-27T22:15:50.424178,fd8b:8158:1897:0:f550:c597:79e5:3911,53915,2408:8756:f50:1003::2f,8080,TCP,74,
2025-11-27T22:15:51.127385,192.168.5.53,20601,218.108.76.243,4090,TCP,66,
2025-11-27T22:15:52.141981,192.168.5.53,51763,106.11.47.6,443,TLS,100,
2025-11-27T22:15:52.187995,106.11.47.6,443,192.168.5.53,51763,TLS,100,
2025-11-27T22:15:52.234891,192.168.5.53,51763,106.11.47.6,443,TCP,54,
2025-11-27T22:15:53.956115,fd8b:8158:1897:0:4a79:f75e:9e9:adef,9993,2605:9880:400:c3:254:f2bc:a1f7:19,9993,DATA,95,
2025-11-27T22:15:53.956174,fd8b:8158:1897:0:4a79:f75e:9e9:adef,9993,2605:9880:400:c3:254:f2bc:a1f7:19,9993,DATA,95,
2025-11-27T22:15:53.956189,fd8b:8158:1897:0:4a79:f75e:9e9:adef,9993,2605:9880:400:c3:254:f2bc:a1f7:19,9993,DATA,95,
2025-11-27T22:15:53.956214,fd8b:8158:1897:0:4a79:f75e:9e9:adef,9993,2605:9880:400:c3:254:f2bc:a1f7:19,9993,DATA,95,
2025-11-27T22:15:54.143074,192.168.5.4,57167,224.0.0.251,5353,MDNS,81,
2025-11-27T22:15:54.143826,fe80::ec0f:5cff:fec8:89fd,55362,ff02::fb,5353,MDNS,101,
2025-11-27T22:15:54.144422,fd8b:8158:1897:0:2df2:718f:a026:b1ad,42480,ff02::fb,5353,MDNS,101,
2025-11-27T22:15:54.144636,fd8b:8158:1897:0:ec0f:5cff:fec8:89fd,39277,ff02::fb,5353,MDNS,101,
2025-11-27T22:15:55.139995,192.168.5.53,20601,218.108.76.243,4090,TCP,66,
2025-11-27T22:15:55.170387,2408:8756:f50:4003::1a,8080,fd8b:8158:1897:0:f550:c597:79e5:3911,46096,TCP,115,
2025-11-27T22:15:55.171954,fd8b:8158:1897:0:f550:c597:79e5:3911,46096,2408:8756:f50:4003::1a,8080,TCP,465,
2025-11-27T22:15:55.223227,2408:8756:f50:4003::1a,8080,fd8b:8158:1897:0:f550:c597:79e5:3911,46096,TCP,74,
2025-11-27T22:15:55.232085,2408:8756:f50:4003::1a,8080,fd8b:8158:1897:0:f550:c597:79e5:3911,46096,TCP,745,
2025-11-27T22:15:55.278422,fd8b:8158:1897:0:f550:c597:79e5:3911,46096,2408:8756:f50:4003::1a,8080,TCP,74,
2025-11-27T22:15:55.340269,192.168.5.53,20380,140.82.113.25,443,TLS,55,
2025-11-27T22:15:55.578300,140.82.113.25,443,192.168.5.53,20380,TCP,66,
2025-11-27T22:15:56.223741,2408:8756:f50:1003::2f,8080,fd8b:8158:1897:0:f550:c597:79e5:3911,53915,TCP,546,
2025-11-27T22:15:56.282886,fd8b:8158:1897:0:f550:c597:79e5:3911,53915,2408:8756:f50:1003::2f,8080,TCP,74,
2025-11-27T22:15:56.935068,192.168.5.53,30565,13.89.179.9,443,TLS,55,
2025-11-27T22:15:57.126149,13.89.179.9,443,192.168.5.53,30565,TCP,66,
2025-11-27T22:15:57.285032,2408:8756:f50:1003::2f,8080,fd8b:8158:1897:0:f550:c597:79e5:3911,53915,TCP,610,
2025-11-27T22:15:57.338737,fd8b:8158:1897:0:f550:c597:79e5:3911,53915,2408:8756:f50:1003::2f,8080,TCP,74,
2025-11-27T22:15:57.449362,fd8b:8158:1897:0:f550:c597:79e5:3911,20571,2408:8756:f50:200f::ed,443,TCP,74,
2025-11-27T22:15:57.461137,2408:8756:f50:200f::ed,443,fd8b:8158:1897:0:f550:c597:79e5:3911,20571,TCP,74,
2025-11-27T22:15:57.864164,fd8b:8158:1897:0:f550:c597:79e5:3911,46079,2408:871a:3001:3002::11,443,TLS,135,
2025-11-27T22:15:57.864235,fd8b:8158:1897:0:f550:c597:79e5:3911,46079,2408:871a:3001:3002::11,443,TLS,113,
2025-11-27T22:15:57.864260,fd8b:8158:1897:0:f550:c597:79e5:3911,46079,2408:871a:3001:3002::11,443,TLS,970,
2025-11-27T22:15:57.906297,2408:871a:3001:3002::11,443,fd8b:8158:1897:0:f550:c597:79e5:3911,46079,TCP,74,
2025-11-27T22:15:57.906297,2408:871a:3001:3002::11,443,fd8b:8158:1897:0:f550:c597:79e5:3911,46079,TLS,126,
2025-11-27T22:15:57.907598,2408:871a:3001:3002::11,443,fd8b:8158:1897:0:f550:c597:79e5:3911,46079,TLS,175,
2025-11-27T22:15:57.907598,2408:871a:3001:3002::11,443,fd8b:8158:1897:0:f550:c597:79e5:3911,46079,TLS,105,
2025-11-27T22:15:57.907630,fd8b:8158:1897:0:f550:c597:79e5:3911,46079,2408:871a:3001:3002::11,443,TCP,74,
2025-11-27T22:15:59.954936,192.168.5.53,45577,192.168.5.7,31705,DATA,70,
2025-11-27T22:15:59.955061,192.168.5.53,25190,192.168.5.7,35904,DATA,70,
2025-11-27T22:15:59.955083,192.168.5.53,9993,112.92.68.235,4111,DATA,70,
2025-11-27T22:15:59.955109,192.168.5.53,45577,112.92.68.235,4856,DATA,70,
2025-11-27T22:15:59.955130,192.168.5.53,25190,112.92.68.235,4112,DATA,70,
2025-11-27T22:15:59.955183,fd8b:8158:1897:0:4a79:f75e:9e9:adef,9993,2605:9880:400:c3:254:f2bc:a1f7:19,9993,DATA,95,
2025-11-27T22:15:59.955200,fd8b:8158:1897:0:4a79:f75e:9e9:adef,9993,2605:9880:400:c3:254:f2bc:a1f7:19,9993,DATA,95,
2025-11-27T22:15:59.955217,fd8b:8158:1897:0:4a79:f75e:9e9:adef,9993,2605:9880:400:c3:254:f2bc:a1f7:19,9993,DATA,95,
2025-11-27T22:15:59.955233,fd8b:8158:1897:0:4a79:f75e:9e9:adef,9993,2605:9880:400:c3:254:f2bc:a1f7:19,9993,DATA,95,
2025-11-27T22:15:59.957091,192.168.5.7,31705,192.168.5.53,45577,DATA,79,
2025-11-27T22:15:59.957091,192.168.5.7,35904,192.168.5.53,25190,DATA,79,
2025-11-27T22:15:59.960462,112.92.68.235,4111,192.168.5.53,9993,DATA,79,
2025-11-27T22:15:59.961438,112.92.68.235,4112,192.168.5.53,25190,DATA,79,
2025-11-27T22:15:59.961438,112.92.68.235,4856,192.168.5.53,45577,DATA,79,
2025-11-27T22:16:00.868924,192.168.5.7,9993,192.168.5.53,9993,DATA,179,
2025-11-27T22:16:00.868924,192.168.5.7,35904,192.168.5.53,9993,DATA,179,
2025-11-27T22:16:00.868924,192.168.5.7,31705,192.168.5.53,9993,DATA,179,
2025-11-27T22:16:00.868924,192.168.5.7,9993,192.168.5.53,25190,DATA,179,
2025-11-27T22:16:00.868924,192.168.5.7,35904,192.168.5.53,25190,DATA,179,
2025-11-27T22:16:00.868924,192.168.5.7,31705,192.168.5.53,25190,DATA,179,
2025-11-27T22:16:00.868924,192.168.5.7,9993,192.168.5.53,45577,DATA,179,
2025-11-27T22:16:00.868924,192.168.5.7,35904,192.168.5.53,45577,DATA,179,
2025-11-27T22:16:00.868924,192.168.5.7,31705,192.168.5.53,45577,DATA,179,
2025-11-27T22:16:00.869131,192.168.5.53,9993,192.168.5.7,9993,DATA,101,
2025-11-27T22:16:00.869180,192.168.5.53,9993,192.168.5.7,35904,DATA,101,
2025-11-27T22:16:00.869217,192.168.5.53,9993,192.168.5.7,31705,DATA,101,
2025-11-27T22:16:00.869280,192.168.5.53,45577,192.168.5.7,9993,DATA,101,
2025-11-27T22:16:00.869305,192.168.5.53,45577,192.168.5.7,35904,DATA,101,
2025-11-27T22:16:00.869330,192.168.5.53,45577,192.168.5.7,31705,DATA,101,
2025-11-27T22:16:00.869353,192.168.5.53,25190,192.168.5.7,9993,DATA,101,
2025-11-27T22:16:00.869371,192.168.5.53,25190,192.168.5.7,35904,DATA,101,
2025-11-27T22:16:00.869394,192.168.5.53,25190,192.168.5.7,31705,DATA,101,
2025-11-27T22:16:00.873443,112.92.68.235,4111,192.168.5.53,9993,DATA,179,
2025-11-27T22:16:00.873443,112.92.68.235,4856,192.168.5.53,9993,DATA,179,
2025-11-27T22:16:00.873443,112.92.68.235,4112,192.168.5.53,9993,DATA,179,
2025-11-27T22:16:00.873443,112.92.68.235,4856,192.168.5.53,9993,DATA,179,
2025-11-27T22:16:00.873443,112.92.68.235,4856,192.168.5.53,9993,DATA,179,
2025-11-27T22:16:00.873443,112.92.68.235,4111,192.168.5.53,9993,DATA,179,
2025-11-27T22:16:00.873443,112.92.68.235,4112,192.168.5.53,9993,DATA,179,
2025-11-27T22:16:00.873602,112.92.68.235,4111,192.168.5.53,9993,DATA,179,
2025-11-27T22:16:00.873602,112.92.68.235,4112,192.168.5.53,9993,DATA,179,
2025-11-27T22:16:00.873649,192.168.5.53,9993,112.92.68.235,4111,DATA,101,
2025-11-27T22:16:00.873693,192.168.5.53,9993,112.92.68.235,4856,DATA,101,
2025-11-27T22:16:00.873704,192.168.5.53,9993,112.92.68.235,4112,DATA,101,
2025-11-27T22:16:00.873715,192.168.5.53,9993,112.92.68.235,4856,DATA,101,
2025-11-27T22:16:00.873735,192.168.5.53,9993,112.92.68.235,4856,DATA,101,
2025-11-27T22:16:00.873757,192.168.5.53,9993,112.92.68.235,4111,DATA,101,
2025-11-27T22:16:00.873769,192.168.5.53,9993,112.92.68.235,4112,DATA,101,
2025-11-27T22:16:00.873782,192.168.5.53,9993,112.92.68.235,4111,DATA,101,
2025-11-27T22:16:00.873800,192.168.5.53,9993,112.92.68.235,4112,DATA,101,
2025-11-27T22:16:01.227298,192.168.5.53,9993,192.168.5.7,9993,DATA,158,
2025-11-27T22:16:01.269675,192.168.5.7,9993,192.168.5.53,9993,DATA,120,
2025-11-27T22:16:01.288034,192.168.5.7,9993,192.168.5.53,9993,DATA,167,
2025-11-27T22:16:01.337493,192.168.5.53,9993,192.168.5.7,9993,DATA,120,
2025-11-27T22:16:01.577274,fe80::bebf:c16:e018:61e,60576,fe80::5,53,DNS,91,
2025-11-27T22:16:01.577356,fe80::bebf:c16:e018:61e,58522,fe80::5,53,DNS,91,
2025-11-27T22:16:01.579667,fe80::5,53,fe80::bebf:c16:e018:61e,60576,DNS,219,
2025-11-27T22:16:01.585507,fe80::5,53,fe80::bebf:c16:e018:61e,58522,DNS,220,
2025-11-27T22:16:01.638049,2408:8756:f50:1003::2f,8080,fd8b:8158:1897:0:f550:c597:79e5:3911,53915,TCP,1394,
2025-11-27T22:16:01.685554,fd8b:8158:1897:0:f550:c597:79e5:3911,53915,2408:8756:f50:1003::2f,8080,TCP,74,
2025-11-27T22:16:02.828420,103.10.124.4,443,192.168.5.53,53859,TLS,268,
2025-11-27T22:16:02.873606,192.168.5.53,53859,103.10.124.4,443,TCP,54,
2025-11-27T22:16:02.878116,103.10.124.4,443,192.168.5.53,53859,TLS,487,
2025-11-27T22:16:02.920479,192.168.5.53,53859,103.10.124.4,443,TCP,54,
2025-11-27T22:16:03.154495,192.168.5.53,20601,218.108.76.243,4090,TCP,66,
2025-11-27T22:16:03.288769,2408:8756:f50:1003::2f,8080,fd8b:8158:1897:0:f550:c597:79e5:3911,53915,TCP,610,
2025-11-27T22:16:03.342689,fd8b:8158:1897:0:f550:c597:79e5:3911,53915,2408:8756:f50:1003::2f,8080,TCP,74,
2025-11-27T22:16:04.139562,192.168.5.4,57167,224.0.0.251,5353,MDNS,81,
2025-11-27T22:16:04.140136,fd8b:8158:1897:0:ec0f:5cff:fec8:89fd,39277,ff02::fb,5353,MDNS,101,
2025-11-27T22:16:04.140507,fd8b:8158:1897:0:2df2:718f:a026:b1ad,42480,ff02::fb,5353,MDNS,101,
2025-11-27T22:16:04.141116,fe80::ec0f:5cff:fec8:89fd,55362,ff02::fb,5353,MDNS,101,
2025-11-27T22:16:05.129348,192.168.5.53,29392,35.201.70.27,443,TCP,55,
2025-11-27T22:16:05.457305,35.201.70.27,443,192.168.5.53,29392,TCP,66,
2025-11-27T22:16:05.596359,192.168.5.53,13318,116.132.216.246,80,DATA,55,
2025-11-27T22:16:05.939464,fd8b:8158:1897:0:4a79:f75e:9e9:adef,9993,2605:9880:400:c3:254:f2bc:a1f7:19,9993,DATA,95,
2025-11-27T22:16:05.939511,fd8b:8158:1897:0:4a79:f75e:9e9:adef,9993,2605:9880:400:c3:254:f2bc:a1f7:19,9993,DATA,95,
2025-11-27T22:16:05.939531,fd8b:8158:1897:0:4a79:f75e:9e9:adef,9993,2605:9880:400:c3:254:f2bc:a1f7:19,9993,DATA,95,
2025-11-27T22:16:05.939558,fd8b:8158:1897:0:4a79:f75e:9e9:adef,9993,2605:9880:400:c3:254:f2bc:a1f7:19,9993,DATA,95,
2025-11-27T22:16:06.048531,192.168.5.53,5353,224.0.0.251,5353,MDNS,253,
2025-11-27T22:16:06.048912,192.168.5.53,9993,192.168.5.7,9993,DATA,265,
2025-11-27T22:16:06.049693,fe80::bebf:c16:e018:61e,5353,ff02::fb,5353,MDNS,273,
2025-11-27T22:16:06.050081,192.168.5.53,9993,192.168.5.7,9993,DATA,276,
2025-11-27T22:16:06.050786,192.168.5.7,9993,192.168.5.53,9993,DATA,109,
2025-11-27T22:16:06.050786,192.168.5.7,9993,192.168.5.53,9993,DATA,136,
2025-11-27T22:16:06.050852,192.168.5.7,9993,192.168.5.53,9993,DATA,109,
2025-11-27T22:16:06.051143,192.168.5.53,9993,112.92.68.235,4110,DATA,70,
2025-11-27T22:16:06.051176,192.168.5.53,45577,112.92.68.235,4110,DATA,70,
2025-11-27T22:16:06.051198,192.168.5.53,25190,112.92.68.235,4110,DATA,70,
2025-11-27T22:16:06.051368,192.168.5.53,5353,224.0.0.251,5353,MDNS,92,
2025-11-27T22:16:06.051706,192.168.5.53,9993,192.168.5.7,9993,DATA,173,
2025-11-27T22:16:06.052313,fe80::bebf:c16:e018:61e,5353,ff02::fb,5353,MDNS,112,
2025-11-27T22:16:06.052660,192.168.5.53,9993,192.168.5.7,9993,DATA,183,
2025-11-27T22:16:06.053525,192.168.5.7,9993,192.168.5.53,9993,DATA,109,
2025-11-27T22:16:06.053927,192.168.5.7,9993,192.168.5.53,9993,DATA,109,
2025-11-27T22:16:06.055280,112.92.68.235,4110,192.168.5.53,9993,DATA,70,
2025-11-27T22:16:06.141029,192.168.5.53,9993,192.168.5.7,9993,DATA,124,
2025-11-27T22:16:06.193364,192.168.5.7,9993,192.168.5.53,9993,DATA,120,
2025-11-27T22:16:06.313109,192.168.5.53,5353,224.0.0.251,5353,MDNS,92,
2025-11-27T22:16:06.313423,192.168.5.53,9993,192.168.5.7,9993,DATA,173,
2025-11-27T22:16:06.314113,fe80::bebf:c16:e018:61e,5353,ff02::fb,5353,MDNS,112,
2025-11-27T22:16:06.314451,192.168.5.53,9993,192.168.5.7,9993,DATA,183,
2025-11-27T22:16:06.315211,192.168.5.7,9993,192.168.5.53,9993,DATA,109,
2025-11-27T22:16:06.315526,192.168.5.7,9993,192.168.5.53,9993,DATA,109,
2025-11-27T22:16:06.579502,192.168.5.53,5353,224.0.0.251,5353,MDNS,92,
2025-11-27T22:16:06.580682,fe80::bebf:c16:e018:61e,5353,ff02::fb,5353,MDNS,112,
2025-11-27T22:16:06.584618,192.168.5.53,9993,192.168.5.7,9993,DATA,173,
2025-11-27T22:16:06.584669,192.168.5.53,9993,192.168.5.7,9993,DATA,183,
2025-11-27T22:16:06.585797,192.168.5.7,9993,192.168.5.53,9993,DATA,109,
2025-11-27T22:16:06.585797,192.168.5.7,9993,192.168.5.53,9993,DATA,109,
2025-11-27T22:16:06.842565,192.168.5.53,5353,224.0.0.251,5353,MDNS,373,
2025-11-27T22:16:06.842982,192.168.5.53,9993,192.168.5.7,9993,DATA,311,
2025-11-27T22:16:06.843684,fe80::bebf:c16:e018:61e,5353,ff02::fb,5353,MDNS,393,
2025-11-27T22:16:06.843809,192.168.5.7,9993,192.168.5.53,9993,DATA,109,
2025-11-27T22:16:06.844012,192.168.5.53,9993,192.168.5.7,9993,DATA,316,
2025-11-27T22:16:06.844908,192.168.5.53,5353,224.0.0.251,5353,MDNS,310,
2025-11-27T22:16:06.844972,192.168.5.7,9993,192.168.5.53,9993,DATA,109,
2025-11-27T22:16:06.845116,192.168.5.53,9993,192.168.5.7,9993,DATA,294,
2025-11-27T22:16:06.845699,fe80::bebf:c16:e018:61e,5353,ff02::fb,5353,MDNS,330,
2025-11-27T22:16:06.846026,192.168.5.53,9993,192.168.5.7,9993,DATA,299,
2025-11-27T22:16:06.846129,192.168.5.7,9993,192.168.5.53,9993,DATA,109,
2025-11-27T22:16:06.846780,192.168.5.7,9993,192.168.5.53,9993,DATA,109,
2025-11-27T22:16:07.402459,fd8b:8158:1897:0:f550:c597:79e5:3911,20552,2408:8756:3af0:3006::5e,443,DATA,75,
2025-11-27T22:16:07.416258,2408:8756:3af0:3006::5e,443,fd8b:8158:1897:0:f550:c597:79e5:3911,20552,TCP,86,
2025-11-27T22:16:08.193786,192.168.5.53,5353,224.0.0.251,5353,MDNS,80,
2025-11-27T22:16:08.194173,192.168.5.53,9993,192.168.5.7,9993,DATA,161,
2025-11-27T22:16:08.194493,fe80::bebf:c16:e018:61e,5353,ff02::fb,5353,MDNS,100,
2025-11-27T22:16:08.194817,192.168.5.53,9993,192.168.5.7,9993,DATA,171,
2025-11-27T22:16:08.195160,192.168.5.53,5353,224.0.0.251,5353,MDNS,80,
2025-11-27T22:16:08.195355,192.168.5.53,9993,192.168.5.7,9993,DATA,161,
2025-11-27T22:16:08.195596,fe80::bebf:c16:e018:61e,5353,ff02::fb,5353,MDNS,100,
2025-11-27T22:16:08.195896,192.168.5.53,9993,192.168.5.7,9993,DATA,171,
2025-11-27T22:16:08.196464,192.168.5.53,5353,224.0.0.251,5353,MDNS,80,
2025-11-27T22:16:08.196687,192.168.5.53,9993,192.168.5.7,9993,DATA,161,
2025-11-27T22:16:08.196879,192.168.5.7,9993,192.168.5.53,9993,DATA,109,
2025-11-27T22:16:08.196879,192.168.5.7,9993,192.168.5.53,9993,DATA,109,
2025-11-27T22:16:08.196879,192.168.5.7,9993,192.168.5.53,9993,DATA,171,
2025-11-27T22:16:08.196879,192.168.5.7,5353,192.168.5.53,5353,MDNS,114,
2025-11-27T22:16:08.196879,192.168.5.7,9993,192.168.5.53,9993,DATA,109,
2025-11-27T22:16:08.196879,192.168.5.7,9993,192.168.5.53,9993,DATA,182,
2025-11-27T22:16:08.196879,192.168.5.7,9993,192.168.5.53,9993,DATA,168,
2025-11-27T22:16:08.196937,fe80::bebf:c16:e018:61e,5353,ff02::fb,5353,MDNS,100,
2025-11-27T22:16:08.196987,192.168.5.53,9993,192.168.5.7,9993,DATA,109,
2025-11-27T22:16:08.197235,192.168.5.53,9993,192.168.5.7,9993,DATA,109,
2025-11-27T22:16:08.197259,192.168.5.53,9993,192.168.5.7,9993,DATA,171,
2025-11-27T22:16:08.197577,192.168.5.53,5353,224.0.0.251,5353,MDNS,80,
2025-11-27T22:16:08.197775,192.168.5.53,9993,192.168.5.7,9993,DATA,161,
2025-11-27T22:16:08.198028,fe80::bebf:c16:e018:61e,5353,ff02::fb,5353,MDNS,100,
2025-11-27T22:16:08.198323,192.168.5.53,9993,192.168.5.7,9993,DATA,171,
2025-11-27T22:16:08.199015,192.168.5.7,9993,192.168.5.53,9993,DATA,109,
2025-11-27T22:16:08.199015,192.168.5.7,9993,192.168.5.53,9993,DATA,188,
2025-11-27T22:16:08.199015,192.168.5.7,9993,192.168.5.53,9993,DATA,109,
2025-11-27T22:16:08.199015,192.168.5.7,9993,192.168.5.53,9993,DATA,171,
2025-11-27T22:16:08.199015,192.168.5.7,9993,192.168.5.53,9993,DATA,109,
2025-11-27T22:16:08.199015,192.168.5.7,9993,192.168.5.53,9993,DATA,182,
2025-11-27T22:16:08.199015,192.168.5.7,5353,192.168.5.53,5353,MDNS,114,
2025-11-27T22:16:08.199015,192.168.5.7,9993,192.168.5.53,9993,DATA,109,
2025-11-27T22:16:08.199089,192.168.5.53,9993,192.168.5.7,9993,DATA,109,
2025-11-27T22:16:08.199254,192.168.5.53,9993,192.168.5.7,9993,DATA,109,
2025-11-27T22:16:08.199522,192.168.5.7,9993,192.168.5.53,9993,DATA,168,
2025-11-27T22:16:08.199522,192.168.5.7,9993,192.168.5.53,9993,DATA,109,
2025-11-27T22:16:08.200071,192.168.5.7,9993,192.168.5.53,9993,DATA,188,
2025-11-27T22:16:08.237758,192.168.5.7,5353,224.0.0.251,5353,MDNS,90,
2025-11-27T22:16:08.238677,192.168.5.7,5353,224.0.0.251,5353,MDNS,90,
2025-11-27T22:16:08.605227,192.168.5.53,5353,224.0.0.251,5353,MDNS,80,
2025-11-27T22:16:08.605641,192.168.5.53,9993,192.168.5.7,9993,DATA,161,
2025-11-27T22:16:08.606413,192.168.5.7,9993,192.168.5.53,9993,DATA,109,
2025-11-27T22:16:08.606434,fe80::bebf:c16:e018:61e,5353,ff02::fb,5353,MDNS,100,
2025-11-27T22:16:08.606797,192.168.5.53,9993,192.168.5.7,9993,DATA,171,
2025-11-27T22:16:08.607262,192.168.5.7,9993,192.168.5.53,9993,DATA,181,
2025-11-27T22:16:08.607318,192.168.5.53,9993,192.168.5.7,9993,DATA,109,
2025-11-27T22:16:08.607869,192.168.5.7,9993,192.168.5.53,9993,DATA,109,
2025-11-27T22:16:08.607869,192.168.5.7,9993,192.168.5.53,9993,DATA,185,
2025-11-27T22:16:08.607905,192.168.5.53,9993,192.168.5.7,9993,DATA,109,
2025-11-27T22:16:08.617289,192.168.5.53,9993,192.168.5.7,9993,DATA,132,
2025-11-27T22:16:08.647273,192.168.5.7,5353,224.0.0.251,5353,MDNS,114,
2025-11-27T22:16:09.411116,192.168.5.7,9993,192.168.5.53,9993,DATA,124,
2025-11-27T22:16:09.463015,192.168.5.53,9993,192.168.5.7,9993,DATA,120,
2025-11-27T22:16:09.620887,192.168.5.53,9993,192.168.5.7,9993,DATA,132,
2025-11-27T22:16:09.718209,192.168.5.53,9993,192.168.5.7,9993,DATA,1328,
2025-11-27T22:16:09.718885,192.168.5.53,9993,192.168.5.7,9993,DATA,152,
2025-11-27T22:16:09.974806,2408:8756:f50:1003::2f,8080,fd8b:8158:1897:0:f550:c597:79e5:3911,53915,TCP,474,
2025-11-27T22:16:10.025284,fd8b:8158:1897:0:f550:c597:79e5:3911,53915,2408:8756:f50:1003::2f,8080,TCP,74,
2025-11-27T22:16:10.036367,2408:8756:f50:1003::2f,8080,fd8b:8158:1897:0:f550:c597:79e5:3911,53915,TCP,298,
2025-11-27T22:16:10.090384,fd8b:8158:1897:0:f550:c597:79e5:3911,53915,2408:8756:f50:1003::2f,8080,TCP,74,
2025-11-27T22:16:10.099307,140.82.113.25,443,192.168.5.53,20380,TLS,79,
2025-11-27T22:16:10.099595,192.168.5.53,20380,140.82.113.25,443,TLS,83,
2025-11-27T22:16:10.339781,140.82.113.25,443,192.168.5.53,20380,TCP,54,
2025-11-27T22:16:10.387492,192.168.5.53,53859,103.10.124.4,443,TLS,113,
2025-11-27T22:16:10.729867,192.168.5.53,9993,192.168.5.7,9993,DATA,152,
2025-11-27T22:16:10.729966,192.168.5.53,9993,192.168.5.7,9993,DATA,1328,
2025-11-27T22:16:10.829941,103.10.124.4,443,192.168.5.53,53859,TCP,54,
2025-11-27T22:16:10.995163,fd8b:8158:1897:0:4a79:f75e:9e9:adef,9993,2605:9880:400:c3:254:f2bc:a1f7:19,9993,DATA,95,
2025-11-27T22:16:10.995239,fd8b:8158:1897:0:4a79:f75e:9e9:adef,9993,2605:9880:400:c3:254:f2bc:a1f7:19,9993,DATA,95,
2025-11-27T22:16:10.995260,fd8b:8158:1897:0:4a79:f75e:9e9:adef,9993,2605:9880:400:c3:254:f2bc:a1f7:19,9993,DATA,95,
2025-11-27T22:16:10.995278,fd8b:8158:1897:0:4a79:f75e:9e9:adef,9993,2605:9880:400:c3:254:f2bc:a1f7:19,9993,DATA,95,
2025-11-27T22:16:11.635614,192.168.5.53,9993,192.168.5.7,9993,DATA,132,
2025-11-27T22:16:12.724799,192.168.5.7,9993,192.168.5.53,9993,DATA,152,
2025-11-27T22:16:12.729564,192.168.5.53,9993,192.168.5.7,9993,DATA,152,
2025-11-27T22:16:12.743328,192.168.5.53,9993,192.168.5.7,9993,DATA,152,
2025-11-27T22:16:12.743406,192.168.5.53,9993,192.168.5.7,9993,DATA,1328,
2025-11-27T22:16:13.317571,2408:8756:f50:1003::2f,8080,fd8b:8158:1897:0:f550:c597:79e5:3911,53915,TCP,610,
2025-11-27T22:16:13.370220,fd8b:8158:1897:0:f550:c597:79e5:3911,53915,2408:8756:f50:1003::2f,8080,TCP,74,
2025-11-27T22:16:13.489217,2408:8756:f50:1003::2f,8080,fd8b:8158:1897:0:f550:c597:79e5:3911,53915,TCP,514,
2025-11-27T22:16:13.542599,fd8b:8158:1897:0:f550:c597:79e5:3911,53915,2408:8756:f50:1003::2f,8080,TCP,74,
2025-11-27T22:16:13.553056,2408:8756:f50:1003::2f,8080,fd8b:8158:1897:0:f550:c597:79e5:3911,53915,TCP,298,
2025-11-27T22:16:13.605253,fd8b:8158:1897:0:f550:c597:79e5:3911,53915,2408:8756:f50:1003::2f,8080,TCP,74,
